Profile,Mean_Cosine,Median_Cosine,Partido,Estado,total_posts_profile_antes_filtro,total_posts_profile_depois_filtro,num_publicacoes_neste_df
Dimas Fabiano,0.4890765879088421,0.5474121470140966,PP,,384,135,135
Célia Xakriabá,0.3338006191549865,0.27731986424138744,PSOL,,1197,531,531
Pastor Eurico,0.28682287542936835,0.26300531150286094,PL,,383,142,142
Da Vitoria,0.2630614024070086,0.001842684288625948,PP,,611,52,52
Celso Russomanno,0.2617603504243749,8.302701541622425e-05,REPUBLICANOS,,186,13,13
Mário Negromonte Jr.,0.24406285639137643,0.2216335166218228,PP,,400,13,13
Baleia Rossi,0.2293845991700441,0.003983348043225987,MDB,,283,57,57
Luciano Azevedo,0.22279036835456495,0.1787960633264699,PSD,,156,12,12
Alfredinho,0.20810257997966064,0.14605064695474324,PT,,884,127,127
Elmar Nascimento,0.20570169496022214,7.29137308516055e-05,UNIÃO,,148,17,17
Junior Lourenço,0.20450632934206323,0.004059088568386784,PL,,55,8,8
Zezinho Barbary,0.1979106670691048,0.04086739966615363,PP,,562,92,92
Juliana Cardoso,0.19465011754992345,0.11376863553228073,PT,,1401,648,648
Emidinho Madeira,0.19233349093985197,0.0008112660347691534,PL,,515,65,65
Gilvan da Federal,0.19193187671441553,0.11589930229737333,PL,,1158,223,223
Josimar Maranhãozinho,0.18944467459235295,0.0029805279848731784,PL,,381,28,28
Professora Luciene Cavalcante,0.1887990687374393,0.08457802597092887,PSOL,,1436,604,604
Átila Lins,0.18737732172002194,0.010074510269767231,PSD,,152,30,30
Rui Falcão,0.18263770932114368,3.7408340240024656e-05,PT,,204,27,27
Professor Alcides,0.1812189677428827,0.0016877624724146072,PL,,704,102,102
Soraya Santos,0.1802562100823916,0.05356807237412195,PL,,322,89,89
Paulo Guedes,0.17951556989336415,0.05847680004682821,PT,,1494,226,226
Fernanda Melchionna,0.17844263884857253,0.09718685723977483,PSOL,,1497,337,337
Gabriel Nunes,0.1779901033140328,0.08983077020925954,PSD,,458,82,82
Josivaldo JP,0.17519276629803193,1.1362306215682412e-06,PSD,,282,74,74
Zé Haroldo Cathedral,0.1719716035803854,0.013635881434745999,PSD,,222,43,43
Elcione Barbalho,0.17114809631783032,0.007712923494608106,MDB,,587,81,81
Filipe Barros,0.1693964297361361,-5.4321727434324044e-05,PL,,290,8,8
Luiza Erundina,0.1687685658672195,0.08967373422202286,PSOL,,494,56,56
Lindbergh Farias,0.16672261951366865,0.0008221484696013936,PT,,1501,80,80
Paulão,0.1659519835634131,0.07607817454142354,PT,,889,292,292
Guilherme Uchoa,0.16540585355093745,0.0036089406126760455,PSB,,359,90,90
Carlos Chiodini,0.16538021696630473,0.0023795605173449184,MDB,,288,45,45
Reimont,0.16328607967622122,0.055310697975879106,PT,,750,139,139
Márcio Jerry,0.15958138767934454,0.0025764778859158058,PCdoB,,1082,82,82
Márcio Honaiser,0.1593014966668508,0.001332557266479729,PDT,,305,84,84
Aluisio Mendes,0.15813812368319072,0.0010271916303123073,REPUBLICANOS,,698,109,109
Luis Carlos Gomes,0.1576881213433174,2.6608167938896855e-06,REPUBLICANOS,,177,27,27
Roberto Monteiro Pai,0.1574146608789099,2.4318201977013754e-05,PL,,200,34,34
Natália Bonavides,0.15686707231263383,0.05266537905068733,PT,,1433,272,272
Delegada Ione,0.15556444771318795,0.00017778068509981802,AVANTE,,345,78,78
Giacobo,0.15504852926717447,0.0009170349304112442,PL,,534,106,106
Luizianne Lins,0.154888095059135,0.054346329758237895,PT,,718,121,121
Afonso Hamm,0.15327464512252956,0.00029255150067057504,PP,,339,26,26
Maria Rosas,0.15270797140806963,0.0002560460405749445,REPUBLICANOS,,480,118,118
Dilvanda Faro,0.15263962425427488,0.0017013309797268175,PT,,728,90,90
Dandara,0.15259373236839974,0.08308541250059512,PT,,1117,420,420
Carlos Gomes,0.15191750974497706,0.0003330706554397779,REPUBLICANOS,,588,62,62
Iza Arruda,0.15178221092744126,0.019257033072610206,MDB,,453,119,119
Ruy Carneiro,0.15077363711319516,0.0019304262799728538,PODEMOS,,493,147,147
Sâmia Bomfim,0.15037857834043714,0.07071219613416475,PSOL,,961,292,292
João Daniel,0.14961734711275854,0.008006235376083339,PT,,795,285,285
Charles Fernandes,0.14858250315452157,0.000426902194376392,PSD,,374,55,55
Kiko Celeguim,0.14818831017836234,0.00016051792070053504,PT,,622,96,96
Marcon,0.14795385381989004,0.003726709072564137,PT,,923,162,162
Weliton Prado,0.14752076231094668,0.05150039596451064,SOLIDARIEDADE,,261,20,20
Vicentinho,0.14743074165070696,0.0009599713667246821,PT,,865,184,184
Gervásio Maia,0.14721837838930354,0.00010712126443964049,PSB,,486,41,41
Marreca Filho,0.14644427290258158,0.0003073142758199168,PRD,,197,18,18
Max Lemos,0.14623024015308475,0.04553443248224568,PDT,,394,137,137
Marcos Tavares,0.14499401576157836,0.000185079262210357,PDT,,554,61,61
Hercílio Coelho Diniz,0.14456863539583456,0.00011658215183422463,MDB,,309,33,33
Fabio Reis,0.1442758719305049,0.0012869508126370326,PSD,,245,43,43
Daiana Santos,0.14356848425810959,0.042345246448984894,PCdoB,,1172,296,296
Lucio Mosquini,0.1434920364907783,2.3453384716321816e-05,MDB,,420,52,52
Eduardo da Fonte,0.14323666744685984,0.003131500922850105,PP,,108,12,12
Valmir Assunção,0.14281531988027352,0.03488303704156161,PT,,1250,201,200
Dal Barreto,0.14278588382313828,0.0001794388023322285,UNIÃO,,286,82,82
Odair Cunha,0.14260787137340147,7.037450953404461e-06,PT,,1207,149,149
Alice Portugal,0.14146286995253188,0.04357861588230832,PCdoB,,1281,326,326
Roberto Duarte,0.141164378819147,4.242243695179268e-06,REPUBLICANOS,,589,119,119
Amanda Gentil,0.14055125102672333,0.04091171944185611,PP,,178,47,47
Juarez Costa,0.14039358863744678,0.0018015028800800461,MDB,,133,29,29
Lula da Fonte,0.1398803457038604,0.0008702354586750504,PP,,197,33,33
Renilce Nicodemos,0.13905734517832788,0.0002576340832234348,MDB,,980,152,152
Daniel Almeida,0.13881780570178862,0.0003223881956802632,PCdoB,,944,218,218
Benedita da Silva,0.13773632915682818,0.0004435839554745765,PT,,1239,165,165
Waldenor Pereira,0.13762561961250733,0.0004401410628537615,PT,,574,104,104
André Figueiredo,0.1368715834856946,0.0008130973512350979,PDT,,678,149,149
Gabriel Mota,0.13676111443193814,0.003933607326463438,REPUBLICANOS,,107,9,9
Luiz Fernando Faria,0.13560683502021662,6.536341359959705e-05,PSD,,95,19,19
Lêda Borges,0.13536949543015384,0.00022052428370710362,PSDB,,718,64,64
Gerlen Diniz,0.13493767898612724,-4.543963286443295e-06,PP,,231,26,26
Toninho Wandscheer,0.13399790962709815,0.0004579664188829724,PP,,1457,150,150
Silas Câmara,0.13320089179801942,0.0017833586355878938,REPUBLICANOS,,947,106,106
Carlos Zarattini,0.1328378983608931,6.524717713205861e-05,PT,,1567,196,196
Duarte Jr.,0.13114300822811004,0.00035443928702976314,PSB,,727,66,66
Antonio Brito,0.1311037082761031,-1.3335553468421993e-05,PSD,,433,8,8
Fred Costa,0.1310501094455788,4.516363359761673e-05,PRD,,307,35,35
José Priante,0.13069879579797192,0.0006532811505532541,MDB,,391,52,52
Maria do Rosário,0.1306092698039075,0.0010456907577389427,PT,,1875,389,389
Luciano Amaral,0.12997399349080366,0.001001596989837083,PV,,119,13,13
Talíria Petrone,0.12948429101319126,0.04568586749771296,PSOL,,1394,331,331
Bruno Farias,0.1286717554613505,1.4885716565685127e-05,AVANTE,,167,9,9
Delegada Adriana Accorsi,0.12785187121592725,8.479177550281192e-05,PT,,1824,299,299
Defensor Stélio Dener,0.1268701359932637,0.0009049656674950398,REPUBLICANOS,,111,42,42
Silvia Cristina,0.12633790833433445,6.139536991145615e-07,PP,,1140,146,146
Jack Rocha,0.12626011285712008,0.0022070803798860767,PT,,705,131,131
Coronel Chrisóstomo,0.1260992365876969,8.86175752461933e-06,PL,,653,110,110
Glauber Braga,0.12588607909714314,0.0019667376927720043,PSOL,,1045,261,261
Arlindo Chinaglia,0.1254725312772624,3.5547887778830075e-05,PT,,405,12,12
Dr. Benjamim,0.12544162806244186,0.001806613154509416,UNIÃO,,337,58,58
Pedro Lucas Fernandes,0.12543287572119696,0.0009762524578349048,UNIÃO,,222,42,42
Benes Leocádio,0.12399273814513609,0.003857003837839917,UNIÃO,,410,75,75
Prof. Reginaldo Veras,0.12389244176809541,2.8324286727042888e-05,PV,,293,45,45
Márcio Marinho,0.12367544174341658,5.576270682127767e-05,REPUBLICANOS,,618,38,38
Joseildo Ramos,0.12359670035918068,0.00022592040324315052,PT,,550,108,108
Eduardo Velloso,0.12352897266769672,1.7506223585124844e-06,UNIÃO,,502,101,101
Rosangela Moro,0.12282135299956692,3.62452393560344e-05,UNIÃO,,659,108,108
Luciano Vieira,0.12176055570250018,-2.364557039224723e-05,REPUBLICANOS,,269,24,24
Washington Quaquá,0.12169187230152587,8.625294374940882e-05,PT,,1185,80,80
José Nelto,0.12110765102147315,0.0001170826075552239,UNIÃO,,1100,182,182
Eunício Oliveira,0.12100016909027073,2.6037706196602374e-05,MDB,,696,176,176
Marco Bertaiolli,0.12030808636204403,1.0606569669698891e-05,PSD,,385,49,49
Antonio Andrade,0.12009909878959615,0.00039359069147028953,REPUBLICANOS,,139,17,17
Diego Coronel,0.11940337048750811,1.2970290600513894e-05,PSD,,84,12,12
Guilherme Boulos,0.11937377373979674,2.413039134088649e-06,PSOL,,1916,113,113
Jorge Goetten,0.11935345947463942,8.621346570540073e-06,REPUBLICANOS,,302,26,26
Flávia Morais,0.11930525741901701,0.000840132121385902,PDT,,480,198,198
Júnior Mano,0.11914890062359679,0.00016770593307889077,PSB,,210,41,41
Magda Mofatto,0.11903311128695969,0.0003619394382941117,PRD,,338,38,38
Rafael Prudente,0.11903289836107155,-4.2658396670225076e-07,MDB,,535,129,129
Olival Marques,0.11885070630643592,0.0001237473924293779,MDB,,351,23,23
Júnior Ferrari,0.11868837931233704,0.00041810518626290917,PSD,,402,32,32
Felipe Becari,0.1186237442197563,0.00014056914043061234,UNIÃO,,170,51,51
Murillo Gouvea,0.11813533982036593,1.5523926515679244e-06,UNIÃO,,628,83,83
Carlos Veras,0.11807783234804886,0.00010043866789384975,PT,,1383,159,159
Pedro Campos,0.11783238133609168,0.0010273772663757486,PSB,,720,69,69
Tabata Amaral,0.11702902086593618,0.00027846069890726487,PSB,,774,126,126
Marcelo Queiroz,0.11668214229280464,-2.3380883325315413e-06,PP,,127,20,20
Antonio Carlos Rodrigues,0.11652933819063087,5.58308150686113e-05,PL,,314,54,54
João Maia,0.11623529976089039,0.0012625166414109018,PP,,162,33,33
Silvye Alves,0.11588405034742286,4.584306322825472e-06,UNIÃO,,1211,92,92
Paulo Folletto,0.11509776828773295,0.00048580636782731893,PSB,,168,29,29
Eros Biondini,0.11461672638598577,0.0016035125389367172,PL,,99,23,23
Reginete Bispo,0.11461243027320187,0.016244850669617998,PT,,1289,420,420
Célio Silveira,0.11439268689174217,0.0002841402812589414,MDB,,366,54,54
Eduardo Bismarck,0.11430167194248196,0.0001493083220882762,PDT,,751,65,65
Daniel Agrobom,0.11410533585189753,0.0016343174190992535,PL,,460,79,79
Antônio Doido,0.11389697579067162,0.0006365671259820451,MDB,,594,47,47
Ana Pimentel,0.1135283671224424,0.00028742142190474475,PT,,844,223,223
Renildo Calheiros,0.11350756873223662,0.0007391590727762779,PCdoB,,693,88,88
Pedro Westphalen,0.11322444142511963,4.162623684595525e-05,PP,,182,39,39
Augusto Puppio,0.1132233289668643,-1.1878658994447855e-05,MDB,,250,61,61
Erika Hilton,0.11230699931512376,0.006065012226859277,PSOL,,354,79,79
Arthur Lira,0.11230517155479146,0.0006772955082183156,PP,,219,28,28
Cleber Verde,0.11223682903185002,0.000256154158451526,MDB,,470,51,51
Adolfo Viana,0.11217240628722379,-6.832075630985954e-05,PSDB,,66,4,4
Helena Lima,0.11211819245159368,7.556137686334107e-06,MDB,,446,102,102
Rafael Simoes,0.11197558832940413,-1.73142320020969e-05,UNIÃO,,416,20,20
Jadyel Alencar,0.11145621413424334,0.0012135574394882037,REPUBLICANOS,,400,77,77
Carol Dartora,0.11135990774835275,0.005081113459382424,PT,,1338,379,379
Dra. Alessandra Haber,0.11127466735898475,7.569782003671891e-05,MDB,,631,110,110
Zé Neto,0.11126150826959312,0.000568314458267145,PT,,2707,856,856
Hugo Motta,0.11077503913483137,0.000410155656293314,REPUBLICANOS,,218,13,13
Tarcísio Motta,0.11065249193518055,0.00026125192372560837,PSOL,,1212,149,149
Ricardo Guidi,0.11026253039230755,-9.102091612397917e-06,PL,,257,12,12
Raimundo Santos,0.11024535641928418,0.0001975269486830637,PSD,,227,16,16
Gilson Daniel,0.11019800939621915,0.0003981009601656603,PODEMOS,,1421,48,48
Meire Serafim,0.10998117709114304,-9.652261732251075e-06,UNIÃO,,474,91,91
Paulinho Freire,0.10983139805564712,0.0007987672341827219,UNIÃO,,321,71,70
Aureo Ribeiro,0.10969294266975925,0.0008095129353345352,SOLIDARIEDADE,,419,185,185
Marcos Aurélio Sampaio,0.10965203283036691,0.0005215570386851253,PSD,,359,89,89
José Guimarães,0.10890024655328674,6.004748874595958e-05,PT,,4086,226,226
Miguel Ângelo,0.10850752527843514,0.0017729563191322072,PT,,690,91,91
Hugo Leal,0.10849936802990022,-1.4617626875163093e-06,PSD,,454,66,66
Heitor Schuch,0.10847782694094386,-3.8618579396156306e-06,PSB,,471,114,114
Marcelo Crivella,0.10820409868129258,-1.635845721108573e-05,REPUBLICANOS,,324,35,35
Orlando Silva,0.1080850353526835,0.00030194889599718445,PCdoB,,591,101,101
Lebrão,0.10760780952965077,0.0007345597820880241,UNIÃO,,68,9,9
Icaro de Valmir,0.10753966385904368,0.00176872706248812,PL,,299,60,60
Isnaldo Bulhões Jr.,0.10707443500553163,0.0009816086684924896,MDB,,235,35,35
Vinicius Carvalho,0.10667417327822448,-1.667961436964013e-05,REPUBLICANOS,,886,75,75
Daniel Barbosa,0.10667209189222321,0.0015337941073924949,PP,,336,58,58
Dilceu Sperafico,0.10622562018390704,1.7239280783852205e-05,PP,,202,8,8
Vicentinho Júnior,0.10613207695247646,0.00032903336380539494,PP,,641,75,75
Ricardo Silva,0.10604819976230272,9.464908171360767e-06,PSD,,228,33,33
Wilson Santiago,0.10587139020276921,0.0024352242549912865,REPUBLICANOS,,403,66,65
Zé Silva,0.10570498571610948,0.00028264133974670953,SOLIDARIEDADE,,1168,245,245
Andreia Siqueira,0.10553922579753713,0.00038249093402498017,MDB,,511,96,96
Rodrigo de Castro,0.10539845002879285,0.0007553769470652194,UNIÃO,,133,35,35
Fernando Mineiro,0.10519963421596476,0.0003424966572341717,PT,,683,123,123
Otto Alencar Filho,0.1048750475682782,0.0009093846605572757,PSD,,219,27,27
Diego Garcia,0.10472462040031727,0.00013073258952868617,REPUBLICANOS,,1075,200,200
Jandira Feghali,0.10450354266405364,0.00013392741268841165,PCdoB,,1508,208,208
Diego Andrade,0.10414054229700295,4.072795935762159e-05,PSD,,364,69,69
AJ Albuquerque,0.10374766512627462,5.322944331587545e-05,PP,,70,6,6
Leo Prates,0.10367262288112962,1.9668458807288852e-05,PDT,,468,103,103
Ivoneide Caetano,0.10359513224278219,1.924656744623602e-05,PT,,402,68,68
Luis Tibé,0.1034917458933127,0.0003740251579863145,AVANTE,,93,6,6
Franciane Bayer,0.1031832580361533,0.00036885279334054216,REPUBLICANOS,,530,98,98
Keniston Braga,0.10308675713899404,0.0002994026687788136,MDB,,289,56,56
Fernanda Pessoa,0.1029795785947109,1.992016195976679e-05,UNIÃO,,314,60,60
Marussa Boldrin,0.10269019222082792,0.0004094420577228481,MDB,,505,97,97
Gilson Marques,0.1026578837199146,0.00010349968563507644,NOVO,,348,18,18
Júlio Cesar,0.10230778314525392,0.002081742444134548,PSD,,441,29,29
Giovani Cherini,0.10227587851723279,1.311145409786654e-05,PL,,1398,110,109
Nely Aquino,0.10226178371154677,-3.573580010171474e-06,PODEMOS,,391,64,64
Ismael,0.10218189370501862,3.809496391815535e-05,PSD,,477,31,31
Amom Mandel,0.10210692450969754,-1.5773008508927944e-06,CIDADANIA,,365,77,77
Célio Studart,0.1020705930995315,1.3239494539465965e-05,PSD,,594,58,58
Jonas Donizette,0.10187642899378235,-1.065541866924034e-05,PSB,,774,110,110
Chris Tonietto,0.10180635517802727,2.1148148478941762e-05,PL,,356,67,67
Maria Arraes,0.10162477717760901,0.0005025874161547483,SOLIDARIEDADE,,358,73,73
Alexandre Leite,0.10113013357394748,1.679620957914953e-05,UNIÃO,,197,23,23
Rogéria Santos,0.10109645472470336,6.847934881593195e-06,REPUBLICANOS,,798,126,126
Delegado Matheus Laiola,0.10100895687375878,1.8117199433440356e-05,UNIÃO,,386,118,118
Ana Paula Lima,0.10098151902943706,0.0004104067955327421,PT,,1781,375,375
Denise Pessôa,0.10071730759113902,0.00016407764196671562,PT,,1076,225,225
Leônidas Cristino,0.10030642827721191,-1.658154590114251e-05,PDT,,345,16,16
Erika Kokay,0.10029016828852814,5.042333270000691e-05,PT,,2026,244,244
Thiago de Joaldo,0.10006192907969168,3.980270732281688e-05,PP,,398,76,76
Chiquinho Brazão,0.0999338502592108,-1.0845333331174214e-07,UNIÃO,,314,76,76
Dr. Frederico,0.09988599669595488,-5.467556036253818e-07,PRD,,194,30,30
Henderson Pinto,0.09967071239085405,5.7499527720812205e-05,MDB,,625,62,62
Laura Carneiro,0.0996157391086727,0.0003868570003235938,PSD,,449,67,67
Eli Borges,0.09930546345979213,0.0008255889610436563,PL,,151,32,32
Luiz Carlos Busato,0.09904452016102505,1.3648569825072634e-05,UNIÃO,,331,32,32
Maurício Carvalho,0.09901373414486056,0.00014930322387355136,UNIÃO,,373,98,98
Marangoni,0.09871866950325166,-5.279530541390732e-06,UNIÃO,,760,197,197
Luciano Alves,0.09863998876790489,-4.7445839103969685e-06,PSD,,215,23,23
Marx Beltrão,0.09844765489716577,0.00030577728983701563,PP,,437,110,110
Felipe Carreras,0.09826458775963272,0.00030254338985905504,PSB,,416,72,72
Marcelo Lima,0.09806682997545756,-1.2854432696366444e-05,PODEMOS,,429,43,43
Tião Medeiros,0.09799430989942386,8.605899750002424e-05,PP,,395,54,54
Lídice da Mata,0.09799167332567915,3.9605967976363246e-05,PSB,,1133,154,154
Rodrigo Estacho,0.09793877085423534,0.00018575837085659262,PSD,,144,8,8
Vitor Lippi,0.09775492241416384,-1.4031966364677507e-05,PSDB,,541,101,101
Dr. Victor Linhalis,0.09758643210171289,0.00044585106770730215,PODEMOS,,364,53,53
Professora Goreth,0.09749648186832767,6.045694837809408e-06,PDT,,993,119,119
Moses Rodrigues,0.09730790038137879,5.975875867073931e-06,UNIÃO,,414,49,49
Leonardo Monteiro,0.09695529015874195,2.16217012330433e-05,PT,,903,156,155
Cezinha de Madureira,0.09655581613301883,-1.871352520607751e-05,PSD,,459,17,17
Dani Cunha,0.09637325526199096,-1.6158165017314527e-05,UNIÃO,,50,16,16
Padre João,0.09634867799311128,0.00011709301519966648,PT,,1418,229,229
Nilto Tatto,0.09631983135999587,0.00010905647576613118,PT,,1046,170,170
Zeca Dirceu,0.09613597496081748,-8.46042106019719e-06,PT,,1230,91,91
Mauricio Marcon,0.0961175480965347,0.00013463350489101089,PODEMOS,,350,30,30
Idilvan Alencar,0.09593930035700923,1.5908970088607057e-05,PDT,,340,68,68
Airton Faleiro,0.09559124949860678,0.00011241831899618332,PT,,1022,141,141
Reginaldo Lopes,0.09551792590848648,8.366822012380926e-06,PT,,1303,121,121
Robinson Faria,0.09546466237555631,0.0008962994797607675,PL,,231,12,12
Beto Pereira,0.09544259495609768,-1.5395159617499123e-05,PSDB,,247,33,33
Aguinaldo Ribeiro,0.09524103761282483,0.0001321848296234782,PP,,275,32,32
Duda Salabert,0.09486665493092673,0.002896681392823421,PDT,,178,43,43
Damião Feliciano,0.09484318430070249,3.36708743424001e-05,UNIÃO,,186,32,31
Emanuel Pinheiro Neto,0.09475151887478327,0.00019008477908097506,MDB,,164,45,45
Pedro Aihara,0.09471996746695686,3.61628329016331e-05,PRD,,262,95,95
Luiz Gastão,0.09469332145254496,0.00023648106607068438,PSD,,341,58,58
Junio Amaral,0.09447070781813002,9.90005388965472e-05,PL,,609,25,25
Marcelo Moraes,0.0943717621751043,-3.132226913447542e-05,PL,,152,16,16
Altineu Côrtes,0.09425502217971846,8.709493882195727e-05,PL,,403,73,73
Gleisi Hoffmann,0.09418103944347285,2.608236138869344e-05,PT,,3923,410,410
Igor Timo,0.09406449270521344,1.0468630509671832e-05,PSD,,258,60,60
Merlong Solano,0.09380883727397912,0.0009898055387944152,PT,,517,120,120
Osmar Terra,0.09378991969708615,1.0259116931418261e-05,MDB,,326,30,30
Pastor Henrique Vieira,0.09371620977499344,0.0006884939554178174,PSOL,,964,261,261
Detinha,0.09361628121472634,0.0005420951525645645,PL,,177,7,7
Julio Lopes,0.0933077346042859,-1.8569798100115494e-05,PP,,975,138,138
Carlos Sampaio,0.09310994599359937,9.391386407703027e-06,PSD,,568,61,61
Helder Salomão,0.09298029085026045,1.0446791713448953e-05,PT,,1626,134,134
André Janones,0.0926564636834924,1.25836117181922e-05,AVANTE,,514,16,16
Coronel Ulysses,0.09259755642949122,-1.3394833567541874e-06,UNIÃO,,256,51,51
Padovani,0.09249013945180963,9.845509188678669e-05,UNIÃO,,412,81,80
Domingos Neto,0.09230033705476368,-2.3327473412677084e-05,PSD,,523,34,34
Sidney Leite,0.09214306111809334,0.002242787557018494,PSD,,445,110,110
Amália Barros,0.09199297541292119,2.194129245556422e-07,PL,,358,30,30
Bandeira de Mello,0.09161110576671576,8.501751256735639e-06,PSB,,484,45,45
Afonso Motta,0.09145366250639404,1.2955724423355484e-06,PDT,,398,55,55
Daniel Trzeciak,0.09144853510096104,-3.0421079759319902e-06,PSDB,,163,5,5
Dayany Bittencourt,0.09126104083225028,0.00044334786502784804,UNIÃO,,235,33,33
Saullo Vianna,0.09117853354136851,0.0018539746643773058,UNIÃO,,430,51,51
Jeferson Rodrigues,0.09109046561821206,1.4907076882222046e-05,REPUBLICANOS,,298,48,48
Dorinaldo Malafaia,0.09107251789757466,0.00011821392948437501,PDT,,901,186,185
Cobalchini,0.09087024738517224,0.00017068770260677705,MDB,,523,97,97
Rosângela Reis,0.09086897592308997,2.377913868416575e-05,PL,,364,62,62
Socorro Neri,0.09083112121138671,3.780673790608591e-05,PP,,610,81,81
Bacelar,0.09052394921063757,-5.8720592276153666e-06,PV,,510,97,97
Márcio Biolchi,0.09035435455485238,0.00013476152068302537,MDB,,41,6,6
Aliel Machado,0.09018080166811923,2.8434546764613503e-05,PV,,459,84,84
Jilmar Tatto,0.09008791468652735,5.215900211862025e-07,PT,,1340,109,109
Geraldo Resende,0.08962463012642995,7.516822001238705e-06,PSDB,,327,61,61
Euclydes Pettersen,0.089509076065447,0.0006247092878942522,REPUBLICANOS,,132,38,38
Josias Gomes,0.08950258451273536,0.00024103354356528283,PT,,1243,321,320
Nicoletti,0.08949814571353978,1.839497341044563e-05,UNIÃO,,901,231,231
Dr. Francisco,0.08906337639919146,6.458606399600879e-05,PT,,648,115,115
Neto Carletto,0.08905948502902758,-6.679458235003633e-06,PP,,771,114,114
Roberta Roma,0.08905695484262471,3.5972298946214883e-05,PL,,229,49,49
Camila Jara,0.0889665089951368,8.701884833969514e-05,PT,,623,202,202
Carlos Henrique Gaguim,0.0886769448636232,8.223936867852609e-05,UNIÃO,,1333,230,230
Rodrigo Gambale,0.08856745487042182,-5.397789393623363e-07,PODEMOS,,328,36,36
Castro Neto,0.0883090271984744,0.0010007606240561785,PSD,,497,70,70
Marcel van Hattem,0.08808415900314714,4.9358142015188865e-05,NOVO,,686,119,118
Geovania de Sá,0.08780748358497382,5.835452533763184e-06,PSDB,,541,88,88
Rogério Correia,0.08778349211646173,2.6404922012793246e-05,PT,,2507,269,269
Delegado Éder Mauro,0.08760884103785498,3.248366874015159e-05,PL,,579,57,56
Sonize Barbosa,0.08752263122313376,3.367025662042583e-05,PL,,273,56,55
Simone Marquetto,0.08751437001661039,-1.1487541643007484e-05,MDB,,1256,62,62
Dr. Zacharias Calil,0.08724735965511046,-9.57440605066165e-06,UNIÃO,,506,78,78
Stefano Aguiar,0.08675370881103513,-2.869348739746904e-05,PSD,,191,14,14
Ana Paula Leão,0.0866301296917019,-8.527944184752183e-06,PP,,962,138,138
Alexandre Lindenmeyer,0.08643037697358527,1.864893816259383e-05,PT,,1817,345,345
Patrus Ananias,0.08642028664689726,0.0007396799240691162,PT,,528,188,188
Danilo Forte,0.08637513863341738,4.2393111358844454e-05,UNIÃO,,588,124,124
Rosana Valle,0.08630974472396154,-3.197575828195637e-06,PL,,1000,91,91
Clarissa Tércio,0.08623943562135214,2.987336053315989e-05,PP,,437,74,74
Fred Linhares,0.08612464912875094,2.823250836738118e-06,REPUBLICANOS,,629,107,107
Pezenti,0.08603734323968196,-2.994365203269674e-05,MDB,,173,6,6
Mendonça Filho,0.0859407232914999,4.317815773220288e-05,UNIÃO,,284,21,21
Felipe Francischini,0.08586042410739603,-3.563811982110451e-05,UNIÃO,,75,17,17
Fernando Coelho Filho,0.0858598728123199,0.0029948177439324953,UNIÃO,,360,24,24
Murilo Galdino,0.08584696738734342,0.00011839779973762665,REPUBLICANOS,,806,78,78
Rubens Otoni,0.08581570843019921,1.6969553792268082e-05,PT,,1447,189,189
Glaustin da Fokus,0.08581503774678177,2.6242221200546568e-05,PODEMOS,,373,99,99
Augusto Coutinho,0.08578121753530162,4.011207246170707e-05,REPUBLICANOS,,445,30,30
Marcos Pereira,0.0852883687467942,6.951038261286795e-06,REPUBLICANOS,,510,84,84
Fernando Monteiro,0.08478856487766562,3.8108548378175275e-05,REPUBLICANOS,,259,36,36
Sanderson,0.08451775811731949,7.331193109005361e-05,PL,,763,59,58
Miguel Lombardi,0.08444385612449316,-1.7431501503120874e-05,PL,,346,26,26
Sargento Portugal,0.08433048930467535,9.67998253926158e-06,PODEMOS,,648,57,56
Yandra Moura,0.08423302530589344,0.0004896041989963173,UNIÃO,,574,83,83
Paulo Litro,0.0839437569880757,1.6800420026187864e-05,PSD,,234,26,26
Yury do Paredão,0.08392450681568012,3.3445551736930424e-05,MDB,,248,29,29
Alberto Mourão,0.08391404876120584,-1.2701494339663265e-05,MDB,,622,81,81
Rodolfo Nogueira,0.08373430552278499,-3.6548527047809948e-06,PL,,1066,86,86
Ricardo Salles,0.08364066302307399,-4.118709658815989e-05,NOVO,,318,21,21
André Ferreira,0.083595479382161,3.7816329116048046e-05,PL,,367,23,23
Jefferson Campos,0.08352786430820905,1.4340147107434222e-05,PL,,580,79,79
Coronel Telhada,0.08336995450591077,5.456357397795721e-06,PP,,1316,131,131
Mauro Benevides Filho,0.08336193804094244,-8.602484696428742e-06,PDT,,428,21,21
Adriano do Baldy,0.08315302832586931,2.757969138863173e-05,PP,,883,96,96
Geraldo Mendes,0.08313174540683764,-2.3228232233401917e-05,UNIÃO,,541,75,75
Carlos Jordy,0.0829338648884814,-2.236137127548659e-05,PL,,1676,89,89
Luiz Couto,0.08289354304200892,9.22592113474154e-05,PT,,539,76,76
Tadeu Veneri,0.08281890241356735,3.4414211751674754e-05,PT,,757,166,166
Rodrigo Valadares,0.08270214824946796,1.0093598008443422e-05,UNIÃO,,997,157,157
Julia Zanatta,0.08246803181138321,0.00020536249623700348,PL,,850,214,214
Pedro Uczai,0.08228502110397978,-7.118734289632876e-06,PT,,1853,230,230
Alceu Moreira,0.08226109007100016,-3.443813039565389e-06,MDB,,466,58,58
Delegado da Cunha,0.08222903691571352,0.00046092670754532887,PP,,272,71,71
Alencar Santana,0.08193542402597914,-6.887886986846252e-06,PT,,2315,199,199
Ivan Valente,0.08181041005730062,1.3099679482946513e-05,PSOL,,1565,92,92
Alfredo Gaspar,0.08131443328163009,0.0014460618877930095,UNIÃO,,157,23,23
Mauricio Neves,0.08128934173465335,3.278103463618622e-05,PP,,479,76,76
João Leão,0.08105065667491328,-1.2874969930183949e-05,PP,,314,21,21
Leur Lomanto Júnior,0.08104682460032303,-5.394453991463624e-06,UNIÃO,,154,22,22
Fernando Rodolfo,0.08033431793856768,-1.0703667253592305e-05,PL,,183,30,29
Bruno Ganem,0.08023274511274947,-9.244518806531545e-06,PODEMOS,,510,90,90
Juninho do Pneu,0.08013981894351992,1.0228208487081512e-05,UNIÃO,,687,150,150
Coronel Meira,0.08011897288048306,1.310653533513057e-05,PL,,941,90,90
Alex Manente,0.08005265979430742,-2.1551042222819802e-05,CIDADANIA,,570,68,68
Flávio Nogueira,0.07994203524315036,0.0012893999880885375,PT,,685,71,71
Mersinho Lucena,0.07974350784451704,0.0002456507146465084,PP,,340,38,38
Clodoaldo Magalhães,0.07966146152443071,0.00040484654676574097,PV,,599,98,98
Pinheirinho,0.07966054503888237,-6.95055430308044e-06,PP,,196,40,40
Dr. Jaziel,0.07954576519265917,6.06671181030523e-05,PL,,264,21,21
Capitão Alberto Neto,0.07939200517355927,-1.6611338132972848e-05,PL,,1290,174,174
Fausto Pinato,0.07935386376530662,-2.1546501793524213e-05,PP,,596,73,73
Messias Donato,0.07931072637799598,5.256061308492432e-05,REPUBLICANOS,,1446,272,272
Fausto Santos Jr.,0.07930721848727873,0.0003461733153776721,UNIÃO,,449,77,77
Lucas Ramos,0.07930571416283476,0.0010165239833850549,PSB,,434,94,94
Luisa Canziani,0.07925573750051867,6.778966940111921e-05,PSD,,149,20,20
Gilvan Maximo,0.07888721026266281,-2.702965663847383e-06,REPUBLICANOS,,481,65,65
Bohn Gass,0.0788532835408717,-3.963468023739048e-06,PT,,1560,84,84
Rubens Pereira Júnior,0.07877956353727267,0.00010431805208499272,PT,,446,53,53
Filipe Martins,0.07877043709180145,0.00016744830162225132,PL,,248,22,22
Coronel Assis,0.07860609546114228,6.524798985219107e-05,UNIÃO,,570,108,108
Delegado Palumbo,0.07846177240135391,-5.177279772242541e-05,MDB,,436,40,40
Delegado Paulo Bilynskyj,0.07837766700267242,-3.340261030356161e-05,PL,,1862,59,59
Mário Heringer,0.07836439331486875,8.72006311450438e-05,PDT,,200,54,54
Dagoberto Nogueira,0.07829035455597727,-1.057186471412137e-05,PSDB,,281,40,40
Eriberto Medeiros,0.07825768490681421,0.0008547104183718174,PSB,,430,115,115
Cabo Gilberto Silva,0.07817104226247844,3.743818405395371e-05,PL,,1623,107,107
Adriana Ventura,0.07816597611154996,-2.69395847359609e-05,NOVO,,591,65,65
Túlio Gadêlha,0.07808988685340694,0.00014025214855198687,REDE,,889,122,122
Jorge Solla,0.07808535146488689,7.966269327225831e-06,PT,,697,142,142
Raimundo Costa,0.07803883498580974,-3.0353999883843635e-05,PODEMOS,,269,22,22
Luiz Carlos Motta,0.07783055479392868,-3.457622781351086e-05,PL,,209,32,31
Helio Lopes,0.07754767376497866,3.7771100366479337e-05,PL,,1575,104,104
Pastor Sargento Isidório,0.07737696975461943,-2.4387465918110407e-05,AVANTE,,490,22,22
Cristiane Lopes Da Luz Benarrosh,0.07720022094948868,-1.0483296089948868e-07,UNIÃO,,431,61,61
Daniela Reinehr,0.07718136882195464,0.00023992630668644754,PL,,803,114,114
Greyce Elias,0.07710968121607471,2.4040497477097144e-06,AVANTE,,276,91,91
Dimas Gadelha,0.07710268186209052,-1.8341101474283827e-06,PT,,770,116,116
Zé Trovão,0.07704409299480859,-1.077526121150891e-05,PL,,569,65,65
Josenildo,0.07682442504120057,0.0001209574442833601,PDT,,520,87,87
Gutemberg Reis,0.07674932685841375,-2.828100152041206e-05,MDB,,1167,52,52
Caroline de Toni,0.07671216943060512,4.6982570092269404e-05,PL,,877,159,159
Delegada Katarina,0.07656427094398775,0.0003614586786720956,PSD,,612,90,90
Adail Filho,0.07643496676506235,-7.88557292597659e-06,REPUBLICANOS,,385,62,62
Samuel Viana,0.07634883715808305,2.3587650336446e-05,REPUBLICANOS,,222,57,57
Coronel Fernanda,0.07629726280894766,1.4934934429368287e-07,PL,,370,40,40
Any Ortiz,0.07627850554517558,2.828022065538922e-06,CIDADANIA,,240,43,43
Reinhold Stephanes,0.07627697821597462,-5.27435608686765e-05,PSD,,354,14,14
Chico Alencar,0.07622539320619215,0.0003731475646671791,PSOL,,1332,378,378
Paulo Alexandre Barbosa,0.07601801243866316,-9.377941771264504e-06,PSDB,,611,65,64
José Airton Félix Cirilo,0.07566228295772023,2.136310932013217e-05,PT,,858,181,181
Gustinho Ribeiro,0.07553585314067202,0.0005962546156312669,REPUBLICANOS,,212,21,21
Waldemar Oliveira,0.07530214129821998,-5.018786346495238e-06,AVANTE,,205,28,28
Renata Abreu,0.07518981271647311,-8.138403047365416e-06,PODEMOS,,1013,278,278
Luiz Lima,0.07509150042318166,1.77077925380171e-05,PL,,1382,232,231
André Fernandes,0.07472325478158127,0.0003641679136207991,PL,,111,6,6
Sergio Souza,0.07425982616587196,-9.286352398294531e-06,MDB,,806,105,105
Silvia Waiãpi,0.07416546664101718,9.563631656489327e-05,PL,,491,60,60
Adilson Barroso,0.07414499368295623,1.4972009999594822e-05,PL,,212,13,13
José Rocha,0.07332999099387598,8.228638168531254e-06,UNIÃO,,212,29,29
Ricardo Abrão,0.07327304284324253,-2.6677513529191137e-05,UNIÃO,,402,87,87
Bibo Nunes,0.07291522018986844,-1.6622454159878997e-05,PL,,776,90,90
Florentino Neto,0.07290102047094467,0.0008417932449589104,PT,,1067,101,101
Vander Loubet,0.07267870326506716,-2.0211772011586816e-05,PT,,518,70,70
Luciano Ducci,0.07255525819819388,1.2710120057184828e-05,PSB,,425,70,69
Evair Vieira de Melo,0.07240424444376517,2.042419944822094e-05,PP,,6843,492,491
Albuquerque,0.07222821903757022,-2.6735842168462704e-05,REPUBLICANOS,,398,31,31
Rafael Brito,0.07180293448973452,-3.2829701297172346e-05,MDB,,334,39,39
Alexandre Guimarães,0.07176621523034964,0.00011033097414241209,MDB,,255,63,63
Delegado Caveira,0.07160210787245579,9.570579887823046e-05,PL,,520,53,53
José Medeiros,0.07074279709917314,1.452003075011404e-06,PL,,1759,68,68
Pastor Diniz,0.07074072966833635,-1.1334193500091195e-05,UNIÃO,,217,37,37
Pedro Lupion,0.07018466916816075,-2.7997396112781085e-05,PP,,438,28,28
Mario Frias,0.06991037366064774,9.421088316333601e-06,PL,,1429,99,99
Sargento Gonçalves,0.06988401917064874,-1.1567051268058112e-05,PL,,974,124,124
Paulo Azi,0.06947846151781575,-4.094378324748256e-06,UNIÃO,,157,15,15
Julio Arcoverde,0.06900410249408538,0.00043052896234386015,PP,,654,70,70
Lázaro Botelho,0.06895577883332646,0.00021650213278934553,PP,,290,48,48
Misael Varella,0.06879812316368347,-3.882773747271976e-05,PSD,,112,17,17
Romero Rodrigues,0.06869532939730727,9.118025536694609e-05,PODEMOS,,340,19,19
Claudio Cajado,0.06858684110802724,-5.08184829188985e-06,PP,,541,84,84
Delegado Marcelo Freitas,0.06834251213468655,6.882302340532074e-06,UNIÃO,,362,53,53
Alex Santana,0.06825797631167983,-1.6216946181294226e-05,REPUBLICANOS,,186,16,16
Paulo Fernando,0.06767701223117535,-2.2222302227743783e-05,Republicanos,,968,39,39
Dr. Luiz Ovando,0.0674908889728327,-1.2567805860080394e-05,PP,,693,141,141
Lucas Redecker,0.06725823614274112,-1.1924614609374783e-05,PSDB,,473,52,52
Zucco,0.0670904942275935,2.7011004653085947e-05,PL,,1056,57,57
General Girão,0.06691571712297806,0.00013791721617267225,PL,,1620,193,193
Luiz Nishimori,0.0666418983967825,2.470056405468766e-05,PSD,,267,26,26
Pompeo de Mattos,0.06660198622649159,-5.345065232749404e-06,PDT,,1208,140,139
Acácio Favacho,0.06637360970875414,7.199798913992279e-07,MDB,,399,54,54
Bia Kicis,0.06603813925356126,-1.28777689301919e-06,PL,,2290,59,59
Félix Mendonça Júnior,0.06554521691254818,-2.8201351225456972e-05,PDT,,138,15,15
Carla Zambelli,0.06552650392004039,1.0179710029406901e-05,PL,,2199,268,268
Aécio Neves,0.06534196559830055,7.086128726165111e-05,PSDB,,289,34,34
Luiz Philippe de Orleans e Bragança,0.06483672801786107,-4.163638049484598e-06,PL,,939,58,58
Mauricio do Vôlei,0.06465128005770715,-2.783082328544435e-05,PL,,312,25,25
Zé Vitor,0.06442019548764336,0.00040927733504161554,PL,,183,10,10
Paulo Abi-Ackel,0.06361765491019208,-5.426969630415439e-06,PSDB,,182,20,20
General Pazuello,0.06355410795725998,8.750581779107283e-06,PL,,225,41,41
Alberto Fraga,0.06284644161255366,-5.0260018049014496e-05,PL,,1133,85,85
Gustavo Gayer,0.06276847723048962,-2.5775323666667364e-05,PL,,1505,53,53
Dr. Ismael Alexandrino,0.06272505821958324,-3.107354117498631e-05,PSD,,569,53,53
Amaro Neto,0.0625153338021459,-1.4848527067960055e-05,REPUBLICANOS,,126,6,6
Covatti Filho,0.06230916541623606,-5.883043157153523e-06,PP,,220,25,25
Delegado Fabio Costa,0.06193151687908037,0.0006439067034122478,PP,,199,32,32
Arthur Oliveira Maia,0.06176431464604441,-1.8761782720543438e-05,UNIÃO,,277,29,29
Luiz Carlos Hauly,0.06166804887359952,-2.160342597936509e-05,PODEMOS,,275,28,28
Arnaldo Jardim,0.061055300114125396,-1.7481550062085572e-05,CIDADANIA,,768,43,43
Daniel Freitas,0.060760781743041954,6.878342575658496e-05,PL,,568,71,71
Jorge Braz,0.06003409332013564,-1.4141778335769077e-05,REPUBLICANOS,,927,70,70
Kim Kataguiri,0.05925899588332258,-1.645843142423544e-05,UNIÃO,,1491,102,102
Roseana Sarney,0.0591054567859847,0.00020865457570684159,MDB,,145,17,17
Marcos Pollon,0.058824637248631816,-1.1385976585439705e-05,PL,,928,89,89
Capitão Augusto,0.05703633432900186,-1.3300512546229296e-05,PL,,540,57,57
Beto Richa,0.05656005641327139,-2.2384838735841945e-06,PSDB,,340,28,28
Gilberto Abramo,0.05558749963626034,-1.6326440286493386e-05,REPUBLICANOS,,526,24,24
Sóstenes Cavalcante,0.05531494387398918,-4.4206825380727066e-05,PL,,1403,27,27
Pastor Gil,0.05495475118539558,-2.066767542675313e-06,PL,,197,20,20
Vinicius Gurgel,0.054412379510281654,-7.835530155511444e-06,PL,,209,22,22
Gilberto Nascimento,0.05438885516341947,-3.871525895704068e-05,PSD,,152,14,14
Ricardo Ayres,0.0543881838377962,0.0001925249887080257,REPUBLICANOS,,390,63,63
Marcos Soares,0.05336826476697259,-4.42668530841265e-05,UNIÃO,,398,25,25
Pedro Paulo,0.053221008340947853,-2.4918856451786614e-05,PSD,,635,50,49
Ricardo Maia,0.051333830530220205,-2.9529681973805913e-05,MDB,,54,4,4
Eduardo Bolsonaro,0.05102358787270628,-1.6815888094789753e-05,PL,,944,88,87
Domingos Sávio,0.048693283271638785,2.5222651304094228e-05,PL,,276,15,15
Capitão Alden,0.04861673789513844,-7.3538969814460865e-06,PL,,3332,297,297
Vermelho,0.04743068513418658,-3.415165227814345e-05,PL,,186,17,16
Dr. Fernando Máximo,0.047242687553977265,8.981648332686068e-06,UNIÃO,,132,6,6
Joaquim Passarinho,0.041695305951077365,-1.3942733493692557e-05,PL,,466,22,22
Marcelo Álvaro Antônio,0.03084854602321874,-6.160907286978945e-05,PL,,203,14,14
Pr. Marco Feliciano,0.022309530905391953,-3.507902898507468e-05,PL,,1092,12,12
Lincoln Portela,0.021187895133799293,-8.13130737153976e-06,PL,,107,8,8
Wellington Roberto,4.9696750903776475e-05,4.9696750903776475e-05,PL,,61,2,2
Paulo Magalhães,-1.806335674674027e-05,-1.806335674674027e-05,PSD,,91,2,2
Fabio Schiochet,,,UNIÃO,,9,1,1
Fábio Teruel,,,MDB,,373,1,1
Jones Moura,,,PSD,,118,1,1
João Carlos Bacelar,,,PL,,15,1,1
Lafayette de Andrada,,,REPUBLICANOS,,28,1,1
Matheus Noronha,,,PL,,48,1,1
Sargento Fahur,,,PSD,,139,1,1
Átila Lira,,,PP,,7,1,1
