parl_id,legislatura,weights
139265,48,0.5256849315068493
139269,48,0.5256849315068493
139268,48,0.5256849315068493
139266,48,0.5256849315068493
139267,48,0.5256849315068493
139271,48,0.5256849315068493
139264,48,0.5256849315068493
139272,48,0.5256849315068493
139270,48,0.5256849315068493
139273,48,0.5256849315068493
139275,48,0.5256849315068493
139277,48,0.5256849315068493
139274,48,0.5256849315068493
139276,48,0.5256849315068493
139279,48,0.5256849315068493
139278,48,0.5256849315068493
139281,48,0.5256849315068493
139282,48,0.5256849315068493
139283,48,0.5256849315068493
139286,48,0.5256849315068493
139288,48,0.5256849315068493
139291,48,0.5256849315068493
139284,48,0.5256849315068493
139287,48,0.5256849315068493
139289,48,0.5256849315068493
139290,48,0.5256849315068493
139292,48,0.5256849315068493
139327,48,0.5256849315068493
139331,48,0.5256849315068493
139330,48,0.5256849315068493
139329,48,0.5256849315068493
139334,48,0.5256849315068493
139337,48,0.5256849315068493
139338,48,0.5256849315068493
139339,48,0.5256849315068493
139340,48,0.5256849315068493
139341,48,0.5256849315068493
139342,48,0.5256849315068493
139345,48,0.5256849315068493
139347,48,0.5256849315068493
139346,48,0.5256849315068493
139348,48,10.233333333333333
139351,48,0.5256849315068493
139357,48,0.5256849315068493
139358,48,0.5256849315068493
139362,48,0.5256849315068493
139361,48,10.233333333333333
139364,48,0.5256849315068493
139365,48,0.5256849315068493
139363,48,0.5256849315068493
139367,48,0.5256849315068493
139366,48,0.5256849315068493
139369,48,0.5256849315068493
139368,48,0.5256849315068493
139371,48,0.5256849315068493
139373,48,0.5256849315068493
139372,48,0.5256849315068493
139377,48,0.5256849315068493
139370,48,0.5256849315068493
139376,48,0.5256849315068493
139374,48,0.5256849315068493
139375,48,0.5256849315068493
139378,48,0.5256849315068493
139379,48,0.5256849315068493
139380,48,0.5256849315068493
139382,48,0.5256849315068493
139381,48,0.5256849315068493
139383,48,0.5256849315068493
139386,48,10.233333333333333
139385,48,0.5256849315068493
139384,48,0.5256849315068493
139387,48,0.5256849315068493
132141,48,0.5256849315068493
132142,48,0.5256849315068493
132143,48,0.5256849315068493
132144,48,0.5256849315068493
132145,48,0.5256849315068493
1500,48,0.5256849315068493
1502,48,0.5256849315068493
1501,48,0.5256849315068493
1503,48,0.5256849315068493
1504,48,0.5256849315068493
1506,48,0.5256849315068493
1505,48,0.5256849315068493
1508,48,0.5256849315068493
1507,48,0.5256849315068493
1509,48,0.5256849315068493
1510,48,0.5256849315068493
1511,48,0.5256849315068493
1512,48,0.5256849315068493
1513,48,0.5256849315068493
1514,48,0.5256849315068493
1515,48,0.5256849315068493
1516,48,0.5256849315068493
1520,48,0.5256849315068493
1518,48,0.5256849315068493
1519,48,0.5256849315068493
1517,48,0.5256849315068493
1522,48,0.5256849315068493
1521,48,0.5256849315068493
1524,48,0.5256849315068493
1523,48,0.5256849315068493
1525,48,0.5256849315068493
1526,48,0.5256849315068493
1528,48,0.5256849315068493
1527,48,0.5256849315068493
1529,48,0.5256849315068493
1530,48,10.233333333333333
1532,48,0.5256849315068493
1531,48,0.5256849315068493
1534,48,0.5256849315068493
1533,48,0.5256849315068493
1537,48,0.5256849315068493
1536,48,0.5256849315068493
1539,48,0.5256849315068493
1538,48,0.5256849315068493
1541,48,0.5256849315068493
1542,48,0.5256849315068493
1540,48,0.5256849315068493
65519,48,0.5256849315068493
139124,48,0.5256849315068493
139123,48,10.233333333333333
139125,48,0.5256849315068493
139126,48,0.5256849315068493
139127,48,0.5256849315068493
139128,48,0.5256849315068493
139129,48,0.5256849315068493
139131,48,0.5256849315068493
139130,48,0.5256849315068493
139132,48,0.5256849315068493
139139,48,0.5256849315068493
139138,48,0.5256849315068493
139170,48,0.5256849315068493
139171,48,0.5256849315068493
139172,48,0.5256849315068493
139173,48,0.5256849315068493
139174,48,10.233333333333333
139175,48,0.5256849315068493
139176,48,0.5256849315068493
139177,48,0.5256849315068493
139178,48,0.5256849315068493
139179,48,0.5256849315068493
139180,48,0.5256849315068493
139181,48,0.5256849315068493
139182,48,0.5256849315068493
139183,48,10.233333333333333
139184,48,0.5256849315068493
139185,48,0.5256849315068493
139186,48,0.5256849315068493
139188,48,0.5256849315068493
139189,48,0.5256849315068493
139191,48,0.5256849315068493
139190,48,0.5256849315068493
139192,48,0.5256849315068493
139193,48,0.5256849315068493
139194,48,10.233333333333333
139195,48,0.5256849315068493
139196,48,0.5256849315068493
139197,48,0.5256849315068493
139200,48,0.5256849315068493
139199,48,0.5256849315068493
139198,48,0.5256849315068493
139201,48,0.5256849315068493
139202,48,0.5256849315068493
139203,48,0.5256849315068493
139204,48,0.5256849315068493
139205,48,0.5256849315068493
139206,48,0.5256849315068493
139208,48,0.5256849315068493
139207,48,0.5256849315068493
139209,48,0.5256849315068493
139210,48,0.5256849315068493
139211,48,0.5256849315068493
139213,48,0.5256849315068493
139215,48,0.5256849315068493
139216,48,0.5256849315068493
139214,48,0.5256849315068493
139217,48,0.5256849315068493
139218,48,0.5256849315068493
139221,48,0.5256849315068493
139220,48,0.5256849315068493
139219,48,0.5256849315068493
139222,48,0.5256849315068493
139223,48,0.5256849315068493
139229,48,0.5256849315068493
139228,48,0.5256849315068493
139231,48,0.5256849315068493
139230,48,0.5256849315068493
139235,48,0.5256849315068493
139245,48,0.5256849315068493
139255,48,0.5256849315068493
139246,48,0.5256849315068493
139256,48,0.5256849315068493
139257,48,0.5256849315068493
139259,48,0.5256849315068493
139258,48,0.5256849315068493
139260,48,0.5256849315068493
139261,48,0.5256849315068493
139262,48,0.5256849315068493
139263,48,0.5256849315068493
139293,48,0.5256849315068493
139294,48,10.233333333333333
139295,48,0.5256849315068493
139296,48,0.5256849315068493
139297,48,0.5256849315068493
139299,48,0.5256849315068493
139300,48,10.233333333333333
139298,48,10.233333333333333
139301,48,0.5256849315068493
139302,48,0.5256849315068493
139303,48,0.5256849315068493
139304,48,0.5256849315068493
139307,48,0.5256849315068493
86494,48,0.5256849315068493
139306,48,0.5256849315068493
139305,48,0.5256849315068493
139308,48,0.5256849315068493
139309,48,0.5256849315068493
139312,48,0.5256849315068493
139310,48,10.233333333333333
139313,48,0.5256849315068493
139314,48,0.5256849315068493
139315,48,10.233333333333333
139316,48,0.5256849315068493
139319,48,0.5256849315068493
139317,48,0.5256849315068493
139320,48,0.5256849315068493
139322,48,0.5256849315068493
139321,48,0.5256849315068493
139323,48,0.5256849315068493
139324,48,0.5256849315068493
139325,48,0.5256849315068493
139326,48,0.5256849315068493
139328,48,0.5256849315068493
139332,48,0.5256849315068493
139333,48,0.5256849315068493
139336,48,0.5256849315068493
139335,48,0.5256849315068493
139343,48,0.5256849315068493
139349,48,0.5256849315068493
139344,48,0.5256849315068493
139350,48,0.5256849315068493
139352,48,0.5256849315068493
139354,48,0.5256849315068493
139353,48,0.5256849315068493
139355,48,0.5256849315068493
139360,48,0.5256849315068493
139356,48,0.5256849315068493
139359,48,0.5256849315068493
139136,48,0.5256849315068493
139134,48,0.5256849315068493
139135,48,0.5256849315068493
139137,48,0.5256849315068493
139141,48,0.5256849315068493
139142,48,0.5256849315068493
139140,48,0.5256849315068493
139144,48,0.5256849315068493
139143,48,10.233333333333333
139147,48,0.5256849315068493
139148,48,0.5256849315068493
139145,48,0.5256849315068493
139146,48,0.5256849315068493
139151,48,0.5256849315068493
139149,48,0.5256849315068493
139150,48,0.5256849315068493
139152,48,0.5256849315068493
139153,48,0.5256849315068493
139155,48,0.5256849315068493
139154,48,0.5256849315068493
139156,48,0.5256849315068493
139157,48,0.5256849315068493
139158,48,0.5256849315068493
139159,48,0.5256849315068493
139160,48,10.233333333333333
139162,48,0.5256849315068493
139161,48,0.5256849315068493
139163,48,0.5256849315068493
139164,48,0.5256849315068493
139165,48,0.5256849315068493
139166,48,0.5256849315068493
139167,48,0.5256849315068493
139168,48,0.5256849315068493
139169,48,0.5256849315068493
139224,48,0.5256849315068493
139225,48,0.5256849315068493
139226,48,0.5256849315068493
139227,48,0.5256849315068493
139233,48,0.5256849315068493
139232,48,0.5256849315068493
139234,48,0.5256849315068493
139236,48,0.5256849315068493
139237,48,0.5256849315068493
139239,48,0.5256849315068493
139238,48,0.5256849315068493
139240,48,0.5256849315068493
139242,48,0.5256849315068493
139241,48,0.5256849315068493
139243,48,0.5256849315068493
139244,48,0.5256849315068493
139247,48,0.5256849315068493
139249,48,0.5256849315068493
139250,48,0.5256849315068493
139248,48,0.5256849315068493
139252,48,0.5256849315068493
139251,48,0.5256849315068493
139254,48,0.5256849315068493
139253,48,0.5256849315068493
73729,49,0.5140845070422536
73797,49,0.5140845070422536
73798,49,0.5140845070422536
73816,49,0.5140845070422536
73826,49,0.5140845070422536
73855,49,0.5140845070422536
73862,49,18.250000000000004
73866,49,0.5140845070422536
73856,49,0.5140845070422536
73864,49,0.5140845070422536
73870,49,0.5140845070422536
73871,49,0.5140845070422536
73863,49,0.5140845070422536
73869,49,0.5140845070422536
73952,49,0.5140845070422536
73950,49,0.5140845070422536
73954,49,0.5140845070422536
73953,49,0.5140845070422536
73957,49,0.5140845070422536
73955,49,0.5140845070422536
73956,49,0.5140845070422536
73958,49,0.5140845070422536
73959,49,0.5140845070422536
73960,49,0.5140845070422536
73962,49,0.5140845070422536
73961,49,0.5140845070422536
73963,49,0.5140845070422536
73964,49,0.5140845070422536
73967,49,0.5140845070422536
73965,49,0.5140845070422536
73966,49,0.5140845070422536
73968,49,0.5140845070422536
73969,49,0.5140845070422536
73970,49,0.5140845070422536
73971,49,0.5140845070422536
73973,49,0.5140845070422536
73972,49,0.5140845070422536
73974,49,0.5140845070422536
73976,49,0.5140845070422536
73975,49,0.5140845070422536
73495,49,0.5140845070422536
132146,49,0.5140845070422536
1535,49,0.5140845070422536
67144,49,0.5140845070422536
65459,49,0.5140845070422536
133849,49,0.5140845070422536
65468,49,0.5140845070422536
65472,49,0.5140845070422536
65475,49,0.5140845070422536
65480,49,0.5140845070422536
73630,49,0.5140845070422536
73631,49,0.5140845070422536
73634,49,0.5140845070422536
73635,49,0.5140845070422536
65495,49,0.5140845070422536
73637,49,0.5140845070422536
73638,49,0.5140845070422536
73640,49,0.5140845070422536
73639,49,0.5140845070422536
73641,49,0.5140845070422536
133890,49,0.5140845070422536
65505,49,0.5140845070422536
133896,49,0.5140845070422536
133903,49,0.5140845070422536
133905,49,0.5140845070422536
133928,49,0.5140845070422536
133930,49,0.5140845070422536
73722,49,0.5140845070422536
73727,49,0.5140845070422536
73730,49,0.5140845070422536
73739,49,0.5140845070422536
73738,49,0.5140845070422536
73740,49,0.5140845070422536
73732,49,0.5140845070422536
73741,49,0.5140845070422536
73742,49,0.5140845070422536
73744,49,0.5140845070422536
73747,49,0.5140845070422536
73749,49,0.5140845070422536
73751,49,0.5140845070422536
73754,49,0.5140845070422536
73755,49,0.5140845070422536
73756,49,0.5140845070422536
73757,49,0.5140845070422536
73694,49,0.5140845070422536
73695,49,0.5140845070422536
133938,49,0.5140845070422536
73697,49,0.5140845070422536
73796,49,18.250000000000004
73698,49,0.5140845070422536
73799,49,0.5140845070422536
73699,49,0.5140845070422536
73800,49,18.250000000000004
73802,49,0.5140845070422536
73804,49,0.5140845070422536
73803,49,0.5140845070422536
73700,49,0.5140845070422536
133782,49,0.5140845070422536
73807,49,0.5140845070422536
73810,49,0.5140845070422536
73811,49,0.5140845070422536
73814,49,0.5140845070422536
73812,49,0.5140845070422536
73813,49,0.5140845070422536
73815,49,0.5140845070422536
73818,49,0.5140845070422536
73819,49,0.5140845070422536
133839,49,0.5140845070422536
133840,49,0.5140845070422536
133842,49,0.5140845070422536
133843,49,0.5140845070422536
133845,49,0.5140845070422536
133844,49,0.5140845070422536
133841,49,0.5140845070422536
133846,49,0.5140845070422536
133847,49,0.5140845070422536
73703,49,0.5140845070422536
133848,49,0.5140845070422536
133850,49,0.5140845070422536
133851,49,0.5140845070422536
133852,49,0.5140845070422536
133855,49,0.5140845070422536
133854,49,0.5140845070422536
133856,49,0.5140845070422536
133859,49,0.5140845070422536
133857,49,0.5140845070422536
133858,49,0.5140845070422536
133860,49,0.5140845070422536
133861,49,0.5140845070422536
133862,49,0.5140845070422536
133867,49,0.5140845070422536
133868,49,0.5140845070422536
133863,49,0.5140845070422536
133870,49,0.5140845070422536
133866,49,18.250000000000004
133865,49,0.5140845070422536
133864,49,18.250000000000004
133869,49,0.5140845070422536
133871,49,0.5140845070422536
133872,49,0.5140845070422536
133874,49,0.5140845070422536
133873,49,0.5140845070422536
133875,49,0.5140845070422536
133876,49,0.5140845070422536
133877,49,0.5140845070422536
133878,49,0.5140845070422536
133879,49,0.5140845070422536
133880,49,0.5140845070422536
133881,49,0.5140845070422536
133882,49,0.5140845070422536
133884,49,0.5140845070422536
133883,49,0.5140845070422536
133886,49,0.5140845070422536
133887,49,0.5140845070422536
133885,49,0.5140845070422536
73830,49,0.5140845070422536
133889,49,0.5140845070422536
133891,49,0.5140845070422536
133892,49,18.250000000000004
133893,49,0.5140845070422536
133894,49,0.5140845070422536
133895,49,0.5140845070422536
133899,49,0.5140845070422536
133897,49,0.5140845070422536
133898,49,0.5140845070422536
133900,49,0.5140845070422536
133902,49,0.5140845070422536
73705,49,0.5140845070422536
133901,49,0.5140845070422536
133904,49,0.5140845070422536
133907,49,0.5140845070422536
133909,49,0.5140845070422536
133906,49,0.5140845070422536
133908,49,0.5140845070422536
133910,49,0.5140845070422536
133911,49,0.5140845070422536
133912,49,0.5140845070422536
133913,49,0.5140845070422536
133915,49,18.250000000000004
133914,49,0.5140845070422536
133918,49,0.5140845070422536
133919,49,0.5140845070422536
133920,49,0.5140845070422536
133916,49,0.5140845070422536
133917,49,0.5140845070422536
133921,49,0.5140845070422536
73706,49,0.5140845070422536
133922,49,0.5140845070422536
133923,49,0.5140845070422536
133926,49,0.5140845070422536
133927,49,0.5140845070422536
133925,49,0.5140845070422536
133948,49,0.5140845070422536
133924,49,0.5140845070422536
133931,49,0.5140845070422536
133929,49,0.5140845070422536
133933,49,0.5140845070422536
133932,49,0.5140845070422536
133934,49,0.5140845070422536
133935,49,0.5140845070422536
133939,49,0.5140845070422536
133936,49,0.5140845070422536
133937,49,0.5140845070422536
73839,49,0.5140845070422536
133940,49,0.5140845070422536
133942,49,0.5140845070422536
133941,49,0.5140845070422536
73840,49,0.5140845070422536
133944,49,0.5140845070422536
133943,49,0.5140845070422536
133945,49,0.5140845070422536
133947,49,0.5140845070422536
73707,49,0.5140845070422536
133950,49,0.5140845070422536
133952,49,0.5140845070422536
133953,49,0.5140845070422536
133946,49,0.5140845070422536
133954,49,0.5140845070422536
133958,49,0.5140845070422536
133955,49,0.5140845070422536
133956,49,0.5140845070422536
133957,49,0.5140845070422536
133959,49,0.5140845070422536
133961,49,0.5140845070422536
133963,49,0.5140845070422536
133964,49,0.5140845070422536
133962,49,0.5140845070422536
133965,49,0.5140845070422536
133966,49,0.5140845070422536
133967,49,0.5140845070422536
133969,49,0.5140845070422536
133970,49,0.5140845070422536
133973,49,0.5140845070422536
133972,49,0.5140845070422536
133971,49,0.5140845070422536
133974,49,0.5140845070422536
133976,49,0.5140845070422536
133975,49,0.5140845070422536
133978,49,0.5140845070422536
133977,49,0.5140845070422536
133979,49,0.5140845070422536
133980,49,0.5140845070422536
133984,49,0.5140845070422536
133981,49,0.5140845070422536
133982,49,0.5140845070422536
133983,49,0.5140845070422536
133985,49,0.5140845070422536
133988,49,0.5140845070422536
133986,49,18.250000000000004
133987,49,0.5140845070422536
133989,49,0.5140845070422536
133990,49,0.5140845070422536
133992,49,0.5140845070422536
133991,49,0.5140845070422536
133993,49,0.5140845070422536
133994,49,0.5140845070422536
133995,49,0.5140845070422536
133996,49,0.5140845070422536
73709,49,0.5140845070422536
133997,49,0.5140845070422536
73851,49,0.5140845070422536
73850,49,0.5140845070422536
133951,49,0.5140845070422536
73710,49,0.5140845070422536
73711,49,0.5140845070422536
73712,49,0.5140845070422536
73713,49,0.5140845070422536
73872,49,0.5140845070422536
73715,49,0.5140845070422536
73717,49,0.5140845070422536
133960,49,0.5140845070422536
73719,49,0.5140845070422536
73721,49,0.5140845070422536
73724,49,0.5140845070422536
73725,49,0.5140845070422536
73726,49,0.5140845070422536
77656,49,0.5140845070422536
65988,49,0.5140845070422536
73820,49,0.5140845070422536
73821,49,0.5140845070422536
73822,49,0.5140845070422536
73824,49,0.5140845070422536
133949,49,0.5140845070422536
73843,49,0.5140845070422536
73845,49,0.5140845070422536
73846,49,0.5140845070422536
73847,49,0.5140845070422536
73849,49,0.5140845070422536
73503,49,0.5140845070422536
73510,49,0.5140845070422536
73702,49,0.5140845070422536
73708,49,0.5140845070422536
73759,50,5.61904761904762
73763,50,0.5488372093023257
73766,50,0.5488372093023257
73762,50,0.5488372093023257
73769,50,0.5488372093023257
73770,50,0.5488372093023257
73774,50,0.5488372093023257
73773,50,0.5488372093023257
73779,50,0.5488372093023257
73785,50,0.5488372093023257
73787,50,0.5488372093023257
73789,50,0.5488372093023257
73791,50,0.5488372093023257
73823,50,5.61904761904762
73877,50,0.5488372093023257
73878,50,0.5488372093023257
73876,50,0.5488372093023257
73879,50,0.5488372093023257
73880,50,0.5488372093023257
73898,50,0.5488372093023257
73890,50,0.5488372093023257
73899,50,0.5488372093023257
73903,50,0.5488372093023257
73905,50,0.5488372093023257
73908,50,0.5488372093023257
73911,50,0.5488372093023257
73988,50,0.5488372093023257
73995,50,0.5488372093023257
73997,50,0.5488372093023257
73999,50,0.5488372093023257
74004,50,0.5488372093023257
74002,50,0.5488372093023257
74006,50,0.5488372093023257
74007,50,0.5488372093023257
74008,50,0.5488372093023257
74009,50,0.5488372093023257
74011,50,0.5488372093023257
74013,50,0.5488372093023257
74015,50,0.5488372093023257
74012,50,0.5488372093023257
74020,50,0.5488372093023257
74022,50,0.5488372093023257
74025,50,0.5488372093023257
74019,50,0.5488372093023257
74064,50,0.5488372093023257
74067,50,0.5488372093023257
74068,50,5.61904761904762
74071,50,5.61904761904762
74074,50,0.5488372093023257
74073,50,0.5488372093023257
74078,50,0.5488372093023257
74081,50,0.5488372093023257
74086,50,0.5488372093023257
74083,50,0.5488372093023257
74088,50,5.61904761904762
74092,50,0.5488372093023257
74096,50,0.5488372093023257
74098,50,0.5488372093023257
74105,50,0.5488372093023257
74101,50,0.5488372093023257
74107,50,0.5488372093023257
74110,50,0.5488372093023257
74114,50,0.5488372093023257
74113,50,0.5488372093023257
74115,50,0.5488372093023257
74116,50,0.5488372093023257
74117,50,0.5488372093023257
74118,50,0.5488372093023257
74121,50,0.5488372093023257
74123,50,0.5488372093023257
74126,50,0.5488372093023257
74127,50,0.5488372093023257
74128,50,0.5488372093023257
74130,50,5.61904761904762
74129,50,0.5488372093023257
74132,50,0.5488372093023257
74135,50,0.5488372093023257
74138,50,5.61904761904762
74178,50,0.5488372093023257
74179,50,0.5488372093023257
74180,50,5.61904761904762
74182,50,0.5488372093023257
74183,50,0.5488372093023257
74196,50,0.5488372093023257
74201,50,0.5488372093023257
74202,50,0.5488372093023257
74203,50,0.5488372093023257
74205,50,5.61904761904762
74204,50,0.5488372093023257
74214,50,0.5488372093023257
74215,50,0.5488372093023257
74219,50,0.5488372093023257
74220,50,0.5488372093023257
74223,50,0.5488372093023257
74226,50,0.5488372093023257
74224,50,0.5488372093023257
74227,50,5.61904761904762
74229,50,0.5488372093023257
74228,50,0.5488372093023257
74231,50,5.61904761904762
74232,50,0.5488372093023257
74234,50,0.5488372093023257
74236,50,0.5488372093023257
74239,50,0.5488372093023257
74242,50,0.5488372093023257
74244,50,0.5488372093023257
74246,50,0.5488372093023257
74241,50,0.5488372093023257
74247,50,0.5488372093023257
74250,50,0.5488372093023257
74245,50,0.5488372093023257
74251,50,5.61904761904762
74249,50,0.5488372093023257
74292,50,0.5488372093023257
74293,50,0.5488372093023257
74296,50,0.5488372093023257
74311,50,0.5488372093023257
74314,50,0.5488372093023257
74320,50,0.5488372093023257
74323,50,0.5488372093023257
74322,50,0.5488372093023257
74330,50,0.5488372093023257
74331,50,0.5488372093023257
74335,50,0.5488372093023257
74334,50,0.5488372093023257
74332,50,0.5488372093023257
74336,50,0.5488372093023257
74338,50,0.5488372093023257
74406,50,0.5488372093023257
74409,50,0.5488372093023257
74410,50,0.5488372093023257
74418,50,0.5488372093023257
74420,50,0.5488372093023257
74424,50,0.5488372093023257
74429,50,0.5488372093023257
74432,50,0.5488372093023257
74437,50,0.5488372093023257
73418,50,0.5488372093023257
73419,50,0.5488372093023257
73423,50,0.5488372093023257
73425,50,5.61904761904762
74518,50,5.61904761904762
73426,50,0.5488372093023257
74519,50,0.5488372093023257
74522,50,0.5488372093023257
74525,50,0.5488372093023257
74526,50,0.5488372093023257
74532,50,0.5488372093023257
73429,50,0.5488372093023257
74536,50,0.5488372093023257
74539,50,0.5488372093023257
74543,50,0.5488372093023257
73444,50,0.5488372093023257
73449,50,0.5488372093023257
74630,50,0.5488372093023257
74631,50,0.5488372093023257
73450,50,0.5488372093023257
74636,50,0.5488372093023257
74639,50,0.5488372093023257
74642,50,5.61904761904762
74649,50,0.5488372093023257
74653,50,0.5488372093023257
74661,50,0.5488372093023257
74664,50,0.5488372093023257
74666,50,0.5488372093023257
74743,50,0.5488372093023257
74748,50,0.5488372093023257
74755,50,0.5488372093023257
74757,50,0.5488372093023257
74761,50,5.61904761904762
74764,50,0.5488372093023257
74766,50,0.5488372093023257
74773,50,0.5488372093023257
74770,50,0.5488372093023257
74774,50,0.5488372093023257
74826,50,0.5488372093023257
74827,50,0.5488372093023257
74831,50,0.5488372093023257
74832,50,0.5488372093023257
74836,50,5.61904761904762
74837,50,5.61904761904762
74839,50,0.5488372093023257
74852,50,0.5488372093023257
74854,50,0.5488372093023257
74855,50,0.5488372093023257
74857,50,0.5488372093023257
74859,50,5.61904761904762
67105,50,0.5488372093023257
73650,50,0.5488372093023257
73675,50,0.5488372093023257
73680,50,0.5488372093023257
67836,50,0.5488372093023257
133783,50,0.5488372093023257
73881,50,0.5488372093023257
73887,50,0.5488372093023257
68676,50,0.5488372093023257
74003,50,0.5488372093023257
73417,50,0.5488372093023257
74104,50,0.5488372093023257
73436,50,0.5488372093023257
73438,50,0.5488372093023257
73439,50,0.5488372093023257
73440,50,0.5488372093023257
73453,50,0.5488372093023257
74302,50,0.5488372093023257
74411,50,0.5488372093023257
74413,50,0.5488372093023257
74438,50,0.5488372093023257
74531,50,0.5488372093023257
74551,50,0.5488372093023257
66476,50,0.5488372093023257
66490,50,0.5488372093023257
74643,50,0.5488372093023257
73530,50,0.5488372093023257
73533,50,0.5488372093023257
73537,50,0.5488372093023257
73543,50,0.5488372093023257
73544,50,0.5488372093023257
73549,50,0.5488372093023257
73550,50,5.61904761904762
73551,50,0.5488372093023257
73562,50,0.5488372093023257
73563,50,0.5488372093023257
73644,50,0.5488372093023257
73647,50,0.5488372093023257
73648,50,0.5488372093023257
73649,50,0.5488372093023257
73656,50,0.5488372093023257
73657,50,0.5488372093023257
73664,50,0.5488372093023257
73665,50,0.5488372093023257
73668,50,0.5488372093023257
73670,50,0.5488372093023257
73669,50,5.61904761904762
73671,50,0.5488372093023257
73679,50,0.5488372093023257
73758,51,0.5303030303030303
73760,51,8.75
73767,51,0.5303030303030303
73771,51,0.5303030303030303
73783,51,0.5303030303030303
73790,51,0.5303030303030303
73795,51,0.5303030303030303
73792,51,0.5303030303030303
73828,51,0.5303030303030303
73829,51,0.5303030303030303
73833,51,0.5303030303030303
73832,51,0.5303030303030303
73884,51,0.5303030303030303
73888,51,0.5303030303030303
73894,51,8.75
73895,51,0.5303030303030303
73896,51,0.5303030303030303
73897,51,0.5303030303030303
73900,51,0.5303030303030303
73902,51,0.5303030303030303
73906,51,0.5303030303030303
73910,51,0.5303030303030303
73912,51,0.5303030303030303
73913,51,0.5303030303030303
73914,51,0.5303030303030303
73915,51,0.5303030303030303
73917,51,0.5303030303030303
73916,51,0.5303030303030303
73918,51,0.5303030303030303
73919,51,0.5303030303030303
73980,51,0.5303030303030303
73983,51,0.5303030303030303
73985,51,0.5303030303030303
73989,51,0.5303030303030303
73986,51,0.5303030303030303
73990,51,0.5303030303030303
73996,51,0.5303030303030303
74001,51,0.5303030303030303
74014,51,8.75
74021,51,8.75
74069,51,0.5303030303030303
74089,51,0.5303030303030303
74091,51,0.5303030303030303
65904,51,0.5303030303030303
74093,51,0.5303030303030303
74100,51,0.5303030303030303
74109,51,0.5303030303030303
74112,51,0.5303030303030303
74122,51,0.5303030303030303
74125,51,0.5303030303030303
74136,51,0.5303030303030303
74134,51,0.5303030303030303
74185,51,8.75
74186,51,0.5303030303030303
74188,51,8.75
74190,51,0.5303030303030303
74192,51,0.5303030303030303
74193,51,0.5303030303030303
74199,51,0.5303030303030303
74206,51,0.5303030303030303
74217,51,0.5303030303030303
74221,51,0.5303030303030303
74233,51,0.5303030303030303
74237,51,0.5303030303030303
74243,51,0.5303030303030303
74248,51,8.75
74303,51,0.5303030303030303
74301,51,0.5303030303030303
74307,51,0.5303030303030303
74316,51,0.5303030303030303
74326,51,0.5303030303030303
74333,51,0.5303030303030303
74340,51,0.5303030303030303
74339,51,0.5303030303030303
74348,51,0.5303030303030303
74347,51,0.5303030303030303
74350,51,0.5303030303030303
74353,51,0.5303030303030303
74361,51,0.5303030303030303
74362,51,0.5303030303030303
74364,51,0.5303030303030303
74407,51,0.5303030303030303
74404,51,0.5303030303030303
74412,51,0.5303030303030303
74415,51,0.5303030303030303
74422,51,0.5303030303030303
74440,51,0.5303030303030303
74442,51,0.5303030303030303
74446,51,0.5303030303030303
74443,51,0.5303030303030303
74450,51,0.5303030303030303
74453,51,0.5303030303030303
74458,51,0.5303030303030303
74462,51,0.5303030303030303
74465,51,0.5303030303030303
74476,51,0.5303030303030303
74475,51,0.5303030303030303
74523,51,0.5303030303030303
74524,51,0.5303030303030303
74530,51,0.5303030303030303
74529,51,0.5303030303030303
74541,51,0.5303030303030303
74540,51,0.5303030303030303
74546,51,0.5303030303030303
74545,51,0.5303030303030303
74548,51,0.5303030303030303
74555,51,0.5303030303030303
74560,51,0.5303030303030303
74561,51,0.5303030303030303
74564,51,0.5303030303030303
74565,51,0.5303030303030303
74572,51,0.5303030303030303
74569,51,0.5303030303030303
74575,51,0.5303030303030303
74576,51,0.5303030303030303
74573,51,0.5303030303030303
74582,51,0.5303030303030303
74583,51,0.5303030303030303
74589,51,0.5303030303030303
74588,51,0.5303030303030303
74632,51,0.5303030303030303
74633,51,0.5303030303030303
74638,51,0.5303030303030303
74644,51,0.5303030303030303
74645,51,0.5303030303030303
74647,51,0.5303030303030303
74652,51,0.5303030303030303
74656,51,0.5303030303030303
74659,51,0.5303030303030303
74667,51,0.5303030303030303
74668,51,0.5303030303030303
74669,51,0.5303030303030303
74670,51,0.5303030303030303
74672,51,0.5303030303030303
74674,51,0.5303030303030303
74673,51,0.5303030303030303
74678,51,0.5303030303030303
74677,51,0.5303030303030303
74679,51,0.5303030303030303
74681,51,0.5303030303030303
74682,51,0.5303030303030303
74684,51,0.5303030303030303
74685,51,0.5303030303030303
74689,51,0.5303030303030303
74687,51,0.5303030303030303
74691,51,0.5303030303030303
74694,51,0.5303030303030303
74697,51,0.5303030303030303
74695,51,0.5303030303030303
74698,51,0.5303030303030303
74704,51,0.5303030303030303
74703,51,0.5303030303030303
74740,51,0.5303030303030303
74746,51,8.75
74760,51,0.5303030303030303
74772,51,0.5303030303030303
74767,51,0.5303030303030303
74769,51,0.5303030303030303
74775,51,0.5303030303030303
74785,51,0.5303030303030303
74789,51,0.5303030303030303
74788,51,0.5303030303030303
74794,51,0.5303030303030303
74795,51,0.5303030303030303
74796,51,0.5303030303030303
74798,51,0.5303030303030303
74803,51,8.75
74805,51,0.5303030303030303
74804,51,0.5303030303030303
74808,51,0.5303030303030303
74809,51,0.5303030303030303
74807,51,0.5303030303030303
74811,51,0.5303030303030303
74814,51,0.5303030303030303
74834,51,0.5303030303030303
74840,51,0.5303030303030303
74845,51,0.5303030303030303
74849,51,0.5303030303030303
74851,51,0.5303030303030303
74850,51,0.5303030303030303
74853,51,0.5303030303030303
74861,51,0.5303030303030303
72553,51,0.5303030303030303
73422,51,0.5303030303030303
73432,51,0.5303030303030303
73443,51,0.5303030303030303
73446,51,0.5303030303030303
73448,51,0.5303030303030303
73451,51,0.5303030303030303
73452,51,0.5303030303030303
73465,51,0.5303030303030303
73467,51,0.5303030303030303
73468,51,0.5303030303030303
73470,51,0.5303030303030303
73476,51,0.5303030303030303
73475,51,0.5303030303030303
73479,51,0.5303030303030303
73484,51,0.5303030303030303
73487,51,0.5303030303030303
73488,51,0.5303030303030303
73489,51,0.5303030303030303
73491,51,0.5303030303030303
73532,51,0.5303030303030303
73538,51,0.5303030303030303
73539,51,0.5303030303030303
73541,51,0.5303030303030303
73547,51,0.5303030303030303
73554,51,0.5303030303030303
73570,51,0.5303030303030303
73567,51,0.5303030303030303
73571,51,0.5303030303030303
73573,51,0.5303030303030303
73576,51,0.5303030303030303
73578,51,0.5303030303030303
73581,51,0.5303030303030303
73580,51,0.5303030303030303
73583,51,0.5303030303030303
73587,51,0.5303030303030303
73585,51,0.5303030303030303
73589,51,0.5303030303030303
73590,51,0.5303030303030303
73591,51,0.5303030303030303
73593,51,0.5303030303030303
73596,51,0.5303030303030303
73600,51,0.5303030303030303
73597,51,0.5303030303030303
73601,51,0.5303030303030303
73602,51,0.5303030303030303
73598,51,0.5303030303030303
73643,51,0.5303030303030303
73646,51,0.5303030303030303
73659,51,8.75
73662,51,0.5303030303030303
73661,51,0.5303030303030303
73667,51,8.75
73678,51,0.5303030303030303
73681,51,0.5303030303030303
73685,51,0.5303030303030303
73686,51,8.75
73687,51,8.75
73689,51,0.5303030303030303
73688,51,0.5303030303030303
65498,51,8.75
73691,51,0.5303030303030303
73690,51,0.5303030303030303
65551,52,0.554112554112554
73775,52,0.554112554112554
73776,52,0.554112554112554
73784,52,0.554112554112554
73794,52,0.554112554112554
73827,52,0.554112554112554
73825,52,0.554112554112554
73885,52,0.554112554112554
73889,52,0.554112554112554
73901,52,0.554112554112554
73923,52,0.554112554112554
73927,52,0.554112554112554
73925,52,0.554112554112554
73941,52,0.554112554112554
73942,52,0.554112554112554
73947,52,0.554112554112554
73946,52,0.554112554112554
73939,52,0.554112554112554
73948,52,0.554112554112554
73944,52,0.554112554112554
73979,52,0.554112554112554
73984,52,0.554112554112554
73991,52,0.554112554112554
74023,52,0.554112554112554
74028,52,0.554112554112554
74030,52,0.554112554112554
74031,52,0.554112554112554
74033,52,5.119999999999999
74035,52,0.554112554112554
74034,52,0.554112554112554
74036,52,0.554112554112554
74046,52,0.554112554112554
74054,52,0.554112554112554
74066,52,0.554112554112554
74070,52,0.554112554112554
74072,52,0.554112554112554
74085,52,5.119999999999999
74097,52,0.554112554112554
74131,52,0.554112554112554
74137,52,0.554112554112554
74144,52,5.119999999999999
74146,52,0.554112554112554
74147,52,0.554112554112554
74149,52,0.554112554112554
74154,52,0.554112554112554
74153,52,0.554112554112554
74155,52,0.554112554112554
74157,52,0.554112554112554
74166,52,0.554112554112554
74164,52,0.554112554112554
74167,52,0.554112554112554
74168,52,0.554112554112554
74170,52,0.554112554112554
74174,52,5.119999999999999
74175,52,0.554112554112554
74176,52,0.554112554112554
74181,52,0.554112554112554
74187,52,0.554112554112554
74184,52,0.554112554112554
74194,52,0.554112554112554
74195,52,0.554112554112554
74208,52,0.554112554112554
74225,52,0.554112554112554
74240,52,0.554112554112554
74260,52,0.554112554112554
74252,52,5.119999999999999
74261,52,0.554112554112554
74266,52,0.554112554112554
74267,52,5.119999999999999
74268,52,0.554112554112554
74271,52,0.554112554112554
74276,52,0.554112554112554
74279,52,0.554112554112554
74280,52,0.554112554112554
74281,52,0.554112554112554
74287,52,0.554112554112554
74288,52,5.119999999999999
74295,52,0.554112554112554
74294,52,0.554112554112554
74304,52,0.554112554112554
74306,52,0.554112554112554
74325,52,0.554112554112554
74329,52,0.554112554112554
74328,52,0.554112554112554
74327,52,0.554112554112554
74342,52,0.554112554112554
74343,52,0.554112554112554
74344,52,0.554112554112554
74349,52,0.554112554112554
74355,52,0.554112554112554
74360,52,0.554112554112554
74375,52,0.554112554112554
74381,52,5.119999999999999
74380,52,0.554112554112554
74386,52,0.554112554112554
74387,52,0.554112554112554
74390,52,0.554112554112554
74389,52,0.554112554112554
74394,52,0.554112554112554
74396,52,5.119999999999999
74393,52,0.554112554112554
74401,52,0.554112554112554
74402,52,0.554112554112554
74403,52,5.119999999999999
74408,52,0.554112554112554
74416,52,0.554112554112554
74427,52,0.554112554112554
74434,52,0.554112554112554
74431,52,0.554112554112554
74436,52,0.554112554112554
74444,52,0.554112554112554
74448,52,0.554112554112554
74451,52,0.554112554112554
74452,52,0.554112554112554
74463,52,0.554112554112554
74464,52,0.554112554112554
74468,52,0.554112554112554
74469,52,0.554112554112554
74466,52,0.554112554112554
74473,52,0.554112554112554
74479,52,0.554112554112554
74477,52,0.554112554112554
74480,52,0.554112554112554
74484,52,0.554112554112554
74486,52,0.554112554112554
74488,52,0.554112554112554
74485,52,5.119999999999999
74489,52,0.554112554112554
74483,52,0.554112554112554
74493,52,0.554112554112554
74495,52,0.554112554112554
74494,52,0.554112554112554
74497,52,0.554112554112554
74492,52,0.554112554112554
74496,52,0.554112554112554
74521,52,0.554112554112554
74520,52,0.554112554112554
74527,52,0.554112554112554
74534,52,0.554112554112554
74538,52,0.554112554112554
74557,52,0.554112554112554
74562,52,0.554112554112554
74567,52,0.554112554112554
74568,52,0.554112554112554
74577,52,0.554112554112554
74584,52,0.554112554112554
74592,52,0.554112554112554
74637,52,0.554112554112554
74640,52,0.554112554112554
74654,52,0.554112554112554
74657,52,0.554112554112554
74660,52,0.554112554112554
74663,52,0.554112554112554
74671,52,0.554112554112554
74676,52,0.554112554112554
74675,52,5.119999999999999
74680,52,0.554112554112554
74683,52,0.554112554112554
74690,52,5.119999999999999
74692,52,0.554112554112554
74699,52,5.119999999999999
74700,52,0.554112554112554
74702,52,0.554112554112554
74705,52,0.554112554112554
140241,52,0.554112554112554
74753,52,0.554112554112554
74756,52,0.554112554112554
74758,52,0.554112554112554
74759,52,0.554112554112554
74763,52,0.554112554112554
74771,52,0.554112554112554
74768,52,0.554112554112554
74776,52,0.554112554112554
74778,52,0.554112554112554
74782,52,0.554112554112554
74779,52,0.554112554112554
74786,52,0.554112554112554
74791,52,0.554112554112554
74790,52,0.554112554112554
74792,52,0.554112554112554
74797,52,0.554112554112554
74800,52,0.554112554112554
74801,52,0.554112554112554
74828,52,0.554112554112554
74844,52,0.554112554112554
74846,52,0.554112554112554
74860,52,0.554112554112554
74863,52,0.554112554112554
141331,52,0.554112554112554
141337,52,0.554112554112554
141334,52,0.554112554112554
133377,52,0.554112554112554
133371,52,0.554112554112554
133376,52,0.554112554112554
133440,52,5.119999999999999
133658,52,0.554112554112554
134115,52,5.119999999999999
134116,52,5.119999999999999
73920,52,0.554112554112554
73922,52,5.119999999999999
73932,52,0.554112554112554
74029,52,5.119999999999999
134893,52,0.554112554112554
74051,52,0.554112554112554
65987,52,5.119999999999999
135476,52,0.554112554112554
74255,52,5.119999999999999
74256,52,0.554112554112554
74259,52,0.554112554112554
74282,52,0.554112554112554
136226,52,0.554112554112554
136377,52,0.554112554112554
74369,52,5.119999999999999
62926,52,0.554112554112554
137116,52,0.554112554112554
74482,52,0.554112554112554
137578,52,0.554112554112554
137759,52,0.554112554112554
129617,52,0.554112554112554
64224,52,0.554112554112554
138512,52,0.554112554112554
133370,52,0.554112554112554
73420,52,0.554112554112554
73421,52,0.554112554112554
73427,52,0.554112554112554
73430,52,0.554112554112554
73435,52,0.554112554112554
73442,52,0.554112554112554
73445,52,0.554112554112554
73454,52,0.554112554112554
73455,52,0.554112554112554
73462,52,0.554112554112554
73473,52,0.554112554112554
73477,52,0.554112554112554
73485,52,0.554112554112554
73499,52,0.554112554112554
73545,52,0.554112554112554
73546,52,0.554112554112554
73548,52,0.554112554112554
73566,52,0.554112554112554
73572,52,0.554112554112554
73574,52,0.554112554112554
73575,52,0.554112554112554
73582,52,0.554112554112554
73592,52,5.119999999999999
73595,52,0.554112554112554
73603,52,0.554112554112554
73645,52,5.119999999999999
73654,52,0.554112554112554
73652,52,5.119999999999999
73663,52,0.554112554112554
73672,52,0.554112554112554
73683,52,0.554112554112554
73693,52,0.554112554112554
65511,52,0.554112554112554
73704,52,0.554112554112554
73761,53,0.5464135021097046
73765,53,0.5464135021097046
139311,53,0.5464135021097046
73780,53,0.5464135021097046
73809,53,0.5464135021097046
73817,53,0.5464135021097046
73873,53,0.5464135021097046
73882,53,0.5464135021097046
73886,53,0.5464135021097046
73907,53,0.5464135021097046
73909,53,0.5464135021097046
73921,53,0.5464135021097046
147653,53,0.5464135021097046
73928,53,5.886363636363637
73929,53,0.5464135021097046
73936,53,0.5464135021097046
73938,53,0.5464135021097046
73981,53,0.5464135021097046
73987,53,0.5464135021097046
73994,53,0.5464135021097046
73993,53,0.5464135021097046
73998,53,0.5464135021097046
155920,53,0.5464135021097046
74000,53,0.5464135021097046
74005,53,0.5464135021097046
74018,53,0.5464135021097046
74024,53,0.5464135021097046
74026,53,0.5464135021097046
74032,53,0.5464135021097046
74038,53,0.5464135021097046
74042,53,0.5464135021097046
74055,53,0.5464135021097046
74059,53,0.5464135021097046
74061,53,0.5464135021097046
74063,53,0.5464135021097046
74076,53,0.5464135021097046
74080,53,0.5464135021097046
74082,53,0.5464135021097046
74087,53,0.5464135021097046
74099,53,0.5464135021097046
74102,53,0.5464135021097046
74142,53,0.5464135021097046
74139,53,0.5464135021097046
74148,53,0.5464135021097046
74150,53,0.5464135021097046
74169,53,0.5464135021097046
74198,53,0.5464135021097046
74209,53,0.5464135021097046
74211,53,0.5464135021097046
74218,53,0.5464135021097046
74258,53,0.5464135021097046
74257,53,0.5464135021097046
74263,53,0.5464135021097046
74269,53,0.5464135021097046
74272,53,0.5464135021097046
74274,53,0.5464135021097046
74285,53,0.5464135021097046
74286,53,5.886363636363637
74289,53,0.5464135021097046
74298,53,0.5464135021097046
74300,53,0.5464135021097046
74309,53,0.5464135021097046
74312,53,0.5464135021097046
74313,53,0.5464135021097046
74310,53,0.5464135021097046
74318,53,0.5464135021097046
74337,53,0.5464135021097046
74341,53,0.5464135021097046
74346,53,0.5464135021097046
74358,53,0.5464135021097046
74357,53,5.886363636363637
74365,53,0.5464135021097046
131711,53,0.5464135021097046
74370,53,5.886363636363637
74391,53,0.5464135021097046
74397,53,5.886363636363637
74414,53,0.5464135021097046
74426,53,0.5464135021097046
74425,53,0.5464135021097046
74433,53,0.5464135021097046
74441,53,0.5464135021097046
74455,53,0.5464135021097046
74461,53,0.5464135021097046
74472,53,0.5464135021097046
74487,53,0.5464135021097046
74490,53,0.5464135021097046
74517,53,0.5464135021097046
74528,53,0.5464135021097046
131873,53,0.5464135021097046
74542,53,0.5464135021097046
74544,53,0.5464135021097046
74547,53,0.5464135021097046
74549,53,0.5464135021097046
74552,53,0.5464135021097046
74563,53,0.5464135021097046
148295,53,0.5464135021097046
74578,53,0.5464135021097046
74579,53,0.5464135021097046
74586,53,5.886363636363637
74587,53,5.886363636363637
74590,53,0.5464135021097046
74591,53,0.5464135021097046
74593,53,0.5464135021097046
74641,53,0.5464135021097046
74658,53,0.5464135021097046
74701,53,0.5464135021097046
156634,53,0.5464135021097046
74741,53,0.5464135021097046
74754,53,0.5464135021097046
74777,53,5.886363636363637
74781,53,0.5464135021097046
74799,53,5.886363636363637
74810,53,0.5464135021097046
74835,53,0.5464135021097046
74841,53,0.5464135021097046
74842,53,0.5464135021097046
115899,53,0.5464135021097046
157225,53,0.5464135021097046
141057,53,0.5464135021097046
149293,53,0.5464135021097046
141344,53,0.5464135021097046
141336,53,0.5464135021097046
141373,53,0.5464135021097046
141376,53,5.886363636363637
141380,53,5.886363636363637
141382,53,5.886363636363637
141388,53,0.5464135021097046
141392,53,0.5464135021097046
141397,53,0.5464135021097046
141404,53,0.5464135021097046
141406,53,0.5464135021097046
141407,53,0.5464135021097046
141409,53,0.5464135021097046
141410,53,0.5464135021097046
141414,53,0.5464135021097046
141415,53,0.5464135021097046
141416,53,0.5464135021097046
141420,53,0.5464135021097046
141424,53,0.5464135021097046
141425,53,0.5464135021097046
141426,53,0.5464135021097046
141432,53,0.5464135021097046
141435,53,0.5464135021097046
141437,53,0.5464135021097046
141436,53,0.5464135021097046
141443,53,0.5464135021097046
141442,53,0.5464135021097046
141444,53,0.5464135021097046
141449,53,0.5464135021097046
141451,53,0.5464135021097046
141452,53,0.5464135021097046
141460,53,0.5464135021097046
141466,53,0.5464135021097046
141468,53,0.5464135021097046
141469,53,0.5464135021097046
141471,53,0.5464135021097046
141476,53,5.886363636363637
141475,53,0.5464135021097046
141477,53,0.5464135021097046
141481,53,0.5464135021097046
141489,53,0.5464135021097046
141491,53,0.5464135021097046
141493,53,0.5464135021097046
141494,53,0.5464135021097046
141495,53,0.5464135021097046
141499,53,0.5464135021097046
141501,53,5.886363636363637
141504,53,5.886363636363637
141505,53,5.886363636363637
141511,53,0.5464135021097046
141512,53,0.5464135021097046
141521,53,0.5464135021097046
141524,53,0.5464135021097046
141520,53,0.5464135021097046
141526,53,0.5464135021097046
141528,53,0.5464135021097046
141530,53,0.5464135021097046
141534,53,0.5464135021097046
141533,53,0.5464135021097046
141538,53,0.5464135021097046
141540,53,0.5464135021097046
141541,53,0.5464135021097046
141545,53,0.5464135021097046
141546,53,5.886363636363637
141549,53,5.886363636363637
141550,53,0.5464135021097046
141554,53,0.5464135021097046
141556,53,0.5464135021097046
141559,53,0.5464135021097046
133375,53,0.5464135021097046
158328,53,0.5464135021097046
133853,53,0.5464135021097046
3155,53,0.5464135021097046
150635,53,0.5464135021097046
159058,53,0.5464135021097046
150876,53,0.5464135021097046
159259,53,0.5464135021097046
159257,53,0.5464135021097046
159260,53,0.5464135021097046
159261,53,0.5464135021097046
159263,53,0.5464135021097046
159262,53,0.5464135021097046
159264,53,0.5464135021097046
159265,53,5.886363636363637
151214,53,0.5464135021097046
151249,53,0.5464135021097046
77701,53,0.5464135021097046
143253,53,0.5464135021097046
143254,53,0.5464135021097046
160317,53,0.5464135021097046
160318,53,0.5464135021097046
86634,53,0.5464135021097046
160365,53,0.5464135021097046
160520,53,0.5464135021097046
4927,53,0.5464135021097046
4928,53,0.5464135021097046
152606,53,0.5464135021097046
152608,53,0.5464135021097046
152609,53,0.5464135021097046
152611,53,0.5464135021097046
153384,53,5.886363636363637
74481,53,0.5464135021097046
71921,53,0.5464135021097046
154417,53,0.5464135021097046
146308,53,0.5464135021097046
154734,53,0.5464135021097046
154739,53,0.5464135021097046
154996,53,0.5464135021097046
81512,53,5.886363636363637
73431,53,0.5464135021097046
73456,53,0.5464135021097046
73457,53,0.5464135021097046
73461,53,0.5464135021097046
73471,53,0.5464135021097046
73469,53,0.5464135021097046
73472,53,0.5464135021097046
73480,53,0.5464135021097046
73490,53,0.5464135021097046
73492,53,0.5464135021097046
73542,53,0.5464135021097046
73552,53,0.5464135021097046
73556,53,0.5464135021097046
73555,53,0.5464135021097046
73557,53,0.5464135021097046
73558,53,0.5464135021097046
73561,53,5.886363636363637
73564,53,0.5464135021097046
73577,53,0.5464135021097046
73599,53,0.5464135021097046
139133,53,0.5464135021097046
73612,53,0.5464135021097046
139187,53,0.5464135021097046
73651,53,0.5464135021097046
73658,53,0.5464135021097046
73660,53,0.5464135021097046
73673,53,0.5464135021097046
139212,53,0.5464135021097046
73684,53,0.5464135021097046
73718,53,0.5464135021097046
73764,54,0.5583941605839415
73777,54,0.5583941605839415
73782,54,0.5583941605839415
73875,54,0.5583941605839415
73874,54,0.5583941605839415
73883,54,0.5583941605839415
73892,54,0.5583941605839415
73893,54,0.5583941605839415
73904,54,0.5583941605839415
73924,54,0.5583941605839415
73933,54,0.5583941605839415
73937,54,0.5583941605839415
73940,54,0.5583941605839415
73935,54,0.5583941605839415
73945,54,0.5583941605839415
73982,54,0.5583941605839415
74016,54,0.5583941605839415
74027,54,0.5583941605839415
74037,54,4.78125
74039,54,4.78125
74045,54,0.5583941605839415
74047,54,0.5583941605839415
74049,54,0.5583941605839415
74053,54,0.5583941605839415
74058,54,0.5583941605839415
74062,54,0.5583941605839415
74094,54,0.5583941605839415
74106,54,0.5583941605839415
74108,54,0.5583941605839415
74111,54,0.5583941605839415
74120,54,0.5583941605839415
74119,54,0.5583941605839415
74133,54,0.5583941605839415
74145,54,0.5583941605839415
74143,54,0.5583941605839415
74151,54,0.5583941605839415
74152,54,0.5583941605839415
74162,54,4.78125
74191,54,0.5583941605839415
74197,54,0.5583941605839415
74207,54,0.5583941605839415
74222,54,0.5583941605839415
74238,54,0.5583941605839415
147975,54,0.5583941605839415
74265,54,0.5583941605839415
74264,54,0.5583941605839415
74284,54,0.5583941605839415
74290,54,0.5583941605839415
74297,54,0.5583941605839415
74321,54,0.5583941605839415
74324,54,0.5583941605839415
74345,54,0.5583941605839415
74354,54,0.5583941605839415
74363,54,0.5583941605839415
74368,54,0.5583941605839415
74367,54,0.5583941605839415
74373,54,0.5583941605839415
74377,54,0.5583941605839415
74379,54,0.5583941605839415
74382,54,0.5583941605839415
74405,54,0.5583941605839415
74417,54,0.5583941605839415
74423,54,0.5583941605839415
74421,54,0.5583941605839415
74430,54,0.5583941605839415
74435,54,0.5583941605839415
74447,54,4.78125
74456,54,0.5583941605839415
74491,54,0.5583941605839415
74533,54,0.5583941605839415
74556,54,0.5583941605839415
74559,54,0.5583941605839415
74566,54,0.5583941605839415
74580,54,0.5583941605839415
74581,54,0.5583941605839415
74635,54,0.5583941605839415
74648,54,0.5583941605839415
74686,54,0.5583941605839415
74742,54,0.5583941605839415
74744,54,0.5583941605839415
74745,54,0.5583941605839415
74747,54,0.5583941605839415
74750,54,0.5583941605839415
74783,54,0.5583941605839415
74780,54,4.78125
74793,54,0.5583941605839415
74802,54,0.5583941605839415
74813,54,0.5583941605839415
74829,54,0.5583941605839415
74830,54,0.5583941605839415
74838,54,0.5583941605839415
74843,54,0.5583941605839415
173262,54,0.5583941605839415
173269,54,0.5583941605839415
165429,54,0.5583941605839415
160550,54,0.5583941605839415
165583,54,0.5583941605839415
173802,54,4.78125
172945,54,0.5583941605839415
165675,54,0.5583941605839415
149327,54,0.5583941605839415
116663,54,0.5583941605839415
141371,54,0.5583941605839415
141374,54,0.5583941605839415
141377,54,4.78125
141375,54,4.78125
141378,54,0.5583941605839415
141381,54,0.5583941605839415
141387,54,0.5583941605839415
141386,54,0.5583941605839415
141390,54,0.5583941605839415
141393,54,0.5583941605839415
141395,54,0.5583941605839415
141396,54,0.5583941605839415
141399,54,0.5583941605839415
141400,54,0.5583941605839415
141403,54,0.5583941605839415
141402,54,0.5583941605839415
141419,54,0.5583941605839415
141418,54,0.5583941605839415
141423,54,0.5583941605839415
141433,54,0.5583941605839415
141438,54,0.5583941605839415
141446,54,0.5583941605839415
141447,54,0.5583941605839415
141448,54,0.5583941605839415
141455,54,4.78125
141453,54,4.78125
141457,54,0.5583941605839415
141461,54,0.5583941605839415
141462,54,0.5583941605839415
141463,54,0.5583941605839415
141465,54,0.5583941605839415
141467,54,0.5583941605839415
141473,54,0.5583941605839415
141479,54,0.5583941605839415
141486,54,0.5583941605839415
141492,54,4.78125
141496,54,0.5583941605839415
141497,54,0.5583941605839415
141498,54,0.5583941605839415
141502,54,4.78125
141506,54,0.5583941605839415
141510,54,0.5583941605839415
141514,54,0.5583941605839415
141519,54,0.5583941605839415
141525,54,4.78125
141537,54,0.5583941605839415
141539,54,0.5583941605839415
141543,54,0.5583941605839415
141547,54,4.78125
141548,54,4.78125
141551,54,0.5583941605839415
141557,54,0.5583941605839415
141561,54,0.5583941605839415
133372,54,0.5583941605839415
174314,54,0.5583941605839415
163322,54,0.5583941605839415
141870,54,0.5583941605839415
109152,54,0.5583941605839415
76420,54,0.5583941605839415
160540,54,0.5583941605839415
174854,54,0.5583941605839415
174861,54,0.5583941605839415
109372,54,0.5583941605839415
166727,54,4.78125
114586,54,0.5583941605839415
73716,54,0.5583941605839415
3151,54,0.5583941605839415
150634,54,0.5583941605839415
175212,54,0.5583941605839415
172711,54,0.5583941605839415
68731,54,0.5583941605839415
171618,54,0.5583941605839415
171621,54,0.5583941605839415
171622,54,0.5583941605839415
159258,54,0.5583941605839415
118384,54,0.5583941605839415
175737,54,0.5583941605839415
167617,54,0.5583941605839415
167707,54,4.78125
179880,54,0.5583941605839415
176120,54,0.5583941605839415
168034,54,0.5583941605839415
168253,54,0.5583941605839415
168447,54,0.5583941605839415
160396,54,0.5583941605839415
176794,54,4.78125
160514,54,0.5583941605839415
160533,54,4.78125
160513,54,0.5583941605839415
160519,54,0.5583941605839415
160516,54,0.5583941605839415
160529,54,0.5583941605839415
160539,54,0.5583941605839415
160546,54,0.5583941605839415
160549,54,0.5583941605839415
160554,54,0.5583941605839415
160555,54,0.5583941605839415
160557,54,0.5583941605839415
160560,54,0.5583941605839415
160562,54,0.5583941605839415
160563,54,0.5583941605839415
160564,54,4.78125
160574,54,0.5583941605839415
4929,54,0.5583941605839415
160577,54,0.5583941605839415
160579,54,0.5583941605839415
160585,54,0.5583941605839415
160593,54,0.5583941605839415
160590,54,0.5583941605839415
160597,54,0.5583941605839415
160603,54,0.5583941605839415
160605,54,0.5583941605839415
160606,54,0.5583941605839415
160614,54,4.78125
160615,54,0.5583941605839415
160616,54,0.5583941605839415
160618,54,0.5583941605839415
160623,54,0.5583941605839415
160626,54,0.5583941605839415
160624,54,4.78125
160627,54,0.5583941605839415
160634,54,0.5583941605839415
160638,54,0.5583941605839415
160647,54,0.5583941605839415
160650,54,0.5583941605839415
160657,54,0.5583941605839415
160658,54,0.5583941605839415
160661,54,0.5583941605839415
160662,54,0.5583941605839415
160664,54,0.5583941605839415
160671,54,0.5583941605839415
160678,54,0.5583941605839415
160679,54,0.5583941605839415
160680,54,0.5583941605839415
160675,54,0.5583941605839415
160568,54,0.5583941605839415
177118,54,0.5583941605839415
160580,54,4.78125
160584,54,0.5583941605839415
160586,54,0.5583941605839415
152607,54,0.5583941605839415
160594,54,0.5583941605839415
160595,54,0.5583941605839415
160608,54,4.78125
160625,54,0.5583941605839415
160974,54,0.5583941605839415
172029,54,0.5583941605839415
160644,54,0.5583941605839415
152865,54,0.5583941605839415
160656,54,0.5583941605839415
160668,54,0.5583941605839415
160670,54,0.5583941605839415
169553,54,0.5583941605839415
169711,54,4.78125
169712,54,0.5583941605839415
104254,54,0.5583941605839415
169868,54,0.5583941605839415
161903,54,0.5583941605839415
161904,54,0.5583941605839415
161906,54,0.5583941605839415
161905,54,0.5583941605839415
161907,54,0.5583941605839415
161962,54,0.5583941605839415
178387,54,0.5583941605839415
162175,54,4.78125
145895,54,0.5583941605839415
170489,54,0.5583941605839415
178821,54,0.5583941605839415
162490,54,0.5583941605839415
137983,54,0.5583941605839415
121759,54,0.5583941605839415
179380,54,0.5583941605839415
179379,54,4.78125
146613,54,0.5583941605839415
179383,54,0.5583941605839415
179381,54,0.5583941605839415
179382,54,0.5583941605839415
179385,54,0.5583941605839415
179384,54,0.5583941605839415
179387,54,0.5583941605839415
179386,54,0.5583941605839415
89282,54,0.5583941605839415
160537,54,0.5583941605839415
154997,54,0.5583941605839415
97822,54,4.78125
164361,54,4.78125
73416,54,0.5583941605839415
73428,54,0.5583941605839415
73459,54,0.5583941605839415
73464,54,0.5583941605839415
73474,54,4.78125
73478,54,0.5583941605839415
73507,54,4.78125
73534,54,0.5583941605839415
73536,54,0.5583941605839415
73540,54,0.5583941605839415
73559,54,0.5583941605839415
73565,54,0.5583941605839415
73569,54,0.5583941605839415
73594,54,4.78125
73653,54,0.5583941605839415
73676,54,0.5583941605839415
73677,54,0.5583941605839415
73682,54,0.5583941605839415
73781,55,0.5547945205479452
73786,55,0.5547945205479452
73793,55,0.5547945205479452
73805,55,0.5547945205479452
196357,55,0.5547945205479452
73926,55,5.0625
73930,55,0.5547945205479452
73931,55,0.5547945205479452
73934,55,0.5547945205479452
73992,55,5.0625
74017,55,0.5547945205479452
74040,55,0.5547945205479452
74048,55,0.5547945205479452
74050,55,0.5547945205479452
74056,55,0.5547945205479452
74065,55,5.0625
74077,55,0.5547945205479452
74103,55,0.5547945205479452
74124,55,0.5547945205479452
74140,55,0.5547945205479452
74163,55,0.5547945205479452
74172,55,0.5547945205479452
74173,55,0.5547945205479452
74177,55,5.0625
74189,55,0.5547945205479452
74210,55,0.5547945205479452
74213,55,0.5547945205479452
74216,55,0.5547945205479452
74230,55,0.5547945205479452
74235,55,0.5547945205479452
74275,55,0.5547945205479452
74278,55,0.5547945205479452
74277,55,0.5547945205479452
74291,55,0.5547945205479452
74308,55,0.5547945205479452
74351,55,0.5547945205479452
74359,55,0.5547945205479452
74372,55,0.5547945205479452
74378,55,0.5547945205479452
74385,55,0.5547945205479452
74388,55,0.5547945205479452
74392,55,0.5547945205479452
74395,55,0.5547945205479452
148134,55,0.5547945205479452
74445,55,0.5547945205479452
74449,55,0.5547945205479452
74457,55,0.5547945205479452
74460,55,0.5547945205479452
74470,55,0.5547945205479452
74474,55,0.5547945205479452
74535,55,0.5547945205479452
74553,55,0.5547945205479452
74558,55,0.5547945205479452
74570,55,0.5547945205479452
131943,55,0.5547945205479452
131966,55,0.5547945205479452
74634,55,0.5547945205479452
74650,55,0.5547945205479452
74651,55,0.5547945205479452
74662,55,0.5547945205479452
74665,55,0.5547945205479452
74688,55,0.5547945205479452
132056,55,0.5547945205479452
74751,55,0.5547945205479452
74752,55,0.5547945205479452
74762,55,0.5547945205479452
74765,55,0.5547945205479452
74787,55,0.5547945205479452
74812,55,0.5547945205479452
181315,55,0.5547945205479452
181316,55,0.5547945205479452
91208,55,0.5547945205479452
74833,55,0.5547945205479452
74847,55,0.5547945205479452
74862,55,0.5547945205479452
189593,55,0.5547945205479452
160547,55,0.5547945205479452
99654,55,0.5547945205479452
146829,55,0.5547945205479452
198198,55,5.0625
190149,55,0.5547945205479452
67312,55,5.0625
178845,55,0.5547945205479452
196359,55,0.5547945205479452
141384,55,0.5547945205479452
141383,55,0.5547945205479452
141385,55,0.5547945205479452
141389,55,0.5547945205479452
141394,55,0.5547945205479452
141412,55,0.5547945205479452
141413,55,0.5547945205479452
141429,55,0.5547945205479452
141430,55,0.5547945205479452
141441,55,0.5547945205479452
141445,55,0.5547945205479452
141454,55,0.5547945205479452
141472,55,0.5547945205479452
141474,55,0.5547945205479452
141482,55,0.5547945205479452
141483,55,0.5547945205479452
141484,55,0.5547945205479452
141500,55,0.5547945205479452
141503,55,5.0625
141507,55,0.5547945205479452
141509,55,0.5547945205479452
141517,55,0.5547945205479452
141522,55,0.5547945205479452
141527,55,0.5547945205479452
141529,55,0.5547945205479452
141536,55,0.5547945205479452
141532,55,0.5547945205479452
141535,55,0.5547945205479452
141542,55,0.5547945205479452
141558,55,0.5547945205479452
141560,55,0.5547945205479452
141563,55,0.5547945205479452
141562,55,0.5547945205479452
133374,55,0.5547945205479452
198963,55,0.5547945205479452
76287,55,0.5547945205479452
166401,55,0.5547945205479452
205234,55,0.5547945205479452
196378,55,0.5547945205479452
101309,55,0.5547945205479452
73714,55,0.5547945205479452
195997,55,5.0625
73720,55,0.5547945205479452
199809,55,0.5547945205479452
191684,55,5.0625
171620,55,0.5547945205479452
124411,55,0.5547945205479452
93472,55,5.0625
200153,55,0.5547945205479452
167493,55,0.5547945205479452
192120,55,5.0625
205297,55,5.0625
205298,55,0.5547945205479452
205302,55,0.5547945205479452
167722,55,0.5547945205479452
205303,55,5.0625
171782,55,0.5547945205479452
193066,55,0.5547945205479452
193069,55,0.5547945205479452
193165,55,0.5547945205479452
201357,55,0.5547945205479452
160426,55,0.5547945205479452
94931,55,0.5547945205479452
114941,55,5.0625
160509,55,0.5547945205479452
160515,55,0.5547945205479452
160530,55,0.5547945205479452
160543,55,0.5547945205479452
160544,55,0.5547945205479452
160551,55,0.5547945205479452
160565,55,5.0625
160567,55,0.5547945205479452
160566,55,0.5547945205479452
160571,55,0.5547945205479452
160573,55,0.5547945205479452
4930,55,0.5547945205479452
4931,55,0.5547945205479452
160582,55,0.5547945205479452
160581,55,0.5547945205479452
160596,55,0.5547945205479452
160602,55,0.5547945205479452
160607,55,0.5547945205479452
160612,55,0.5547945205479452
160613,55,0.5547945205479452
160617,55,0.5547945205479452
160628,55,5.0625
160630,55,0.5547945205479452
160633,55,0.5547945205479452
160643,55,0.5547945205479452
160649,55,0.5547945205479452
160646,55,0.5547945205479452
160648,55,0.5547945205479452
160659,55,5.0625
160663,55,0.5547945205479452
160676,55,0.5547945205479452
160677,55,0.5547945205479452
160572,55,0.5547945205479452
163831,55,0.5547945205479452
160576,55,0.5547945205479452
160578,55,0.5547945205479452
160609,55,0.5547945205479452
160611,55,0.5547945205479452
185500,55,0.5547945205479452
144523,55,0.5547945205479452
160620,55,0.5547945205479452
160622,55,0.5547945205479452
160631,55,0.5547945205479452
160636,55,0.5547945205479452
160637,55,0.5547945205479452
202063,55,0.5547945205479452
160652,55,0.5547945205479452
160654,55,0.5547945205479452
160660,55,0.5547945205479452
178991,55,0.5547945205479452
193982,55,0.5547945205479452
204651,55,0.5547945205479452
194259,55,0.5547945205479452
194258,55,5.0625
194261,55,0.5547945205479452
194262,55,0.5547945205479452
92355,55,0.5547945205479452
194340,55,0.5547945205479452
73831,55,0.5547945205479452
194592,55,0.5547945205479452
129037,55,0.5547945205479452
204760,55,0.5547945205479452
202915,55,5.0625
162174,55,0.5547945205479452
186775,55,0.5547945205479452
195143,55,0.5547945205479452
113247,55,0.5547945205479452
178802,55,0.5547945205479452
187008,55,0.5547945205479452
137853,55,0.5547945205479452
178826,55,0.5547945205479452
178828,55,0.5547945205479452
178827,55,0.5547945205479452
178834,55,0.5547945205479452
178837,55,0.5547945205479452
178838,55,0.5547945205479452
105112,55,0.5547945205479452
178841,55,0.5547945205479452
178847,55,0.5547945205479452
178846,55,0.5547945205479452
178848,55,5.0625
178850,55,0.5547945205479452
178849,55,0.5547945205479452
178852,55,0.5547945205479452
178851,55,5.0625
178855,55,0.5547945205479452
178856,55,0.5547945205479452
178859,55,5.0625
178864,55,0.5547945205479452
170673,55,0.5547945205479452
178867,55,0.5547945205479452
178865,55,0.5547945205479452
178872,55,0.5547945205479452
178870,55,0.5547945205479452
178877,55,0.5547945205479452
178875,55,0.5547945205479452
178883,55,5.0625
178890,55,0.5547945205479452
178891,55,0.5547945205479452
178893,55,0.5547945205479452
178892,55,5.0625
195278,55,0.5547945205479452
178899,55,0.5547945205479452
178894,55,0.5547945205479452
178840,55,0.5547945205479452
178900,55,0.5547945205479452
178903,55,0.5547945205479452
178904,55,0.5547945205479452
178907,55,0.5547945205479452
178906,55,0.5547945205479452
178911,55,5.0625
178915,55,0.5547945205479452
178914,55,0.5547945205479452
178919,55,0.5547945205479452
178917,55,0.5547945205479452
178918,55,0.5547945205479452
178926,55,0.5547945205479452
178932,55,0.5547945205479452
178936,55,0.5547945205479452
178938,55,0.5547945205479452
178940,55,0.5547945205479452
178950,55,0.5547945205479452
178955,55,0.5547945205479452
178958,55,0.5547945205479452
178957,55,0.5547945205479452
178967,55,0.5547945205479452
178965,55,0.5547945205479452
178968,55,0.5547945205479452
178971,55,0.5547945205479452
178973,55,5.0625
178974,55,0.5547945205479452
178976,55,0.5547945205479452
178978,55,0.5547945205479452
178980,55,0.5547945205479452
178979,55,0.5547945205479452
178988,55,0.5547945205479452
178998,55,5.0625
178999,55,5.0625
178995,55,0.5547945205479452
178869,55,0.5547945205479452
88950,55,0.5547945205479452
178880,55,0.5547945205479452
178878,55,0.5547945205479452
178885,55,0.5547945205479452
81366,55,5.0625
178897,55,0.5547945205479452
178898,55,0.5547945205479452
195581,55,0.5547945205479452
178913,55,0.5547945205479452
178902,55,0.5547945205479452
80920,55,0.5547945205479452
180545,55,0.5547945205479452
178941,55,0.5547945205479452
178942,55,0.5547945205479452
178944,55,0.5547945205479452
72912,55,0.5547945205479452
195826,55,0.5547945205479452
178949,55,5.0625
81232,55,0.5547945205479452
178960,55,0.5547945205479452
97707,55,0.5547945205479452
64960,55,5.0625
146949,55,5.0625
73437,55,0.5547945205479452
73447,55,0.5547945205479452
73458,55,0.5547945205479452
73481,55,0.5547945205479452
73483,55,0.5547945205479452
73535,55,0.5547945205479452
73553,55,0.5547945205479452
73560,55,0.5547945205479452
73568,55,0.5547945205479452
73584,55,0.5547945205479452
73588,55,0.5547945205479452
73655,55,0.5547945205479452
73666,55,0.5547945205479452
73772,56,0.6069958847736625
73891,56,0.6069958847736625
73943,56,2.8365384615384612
74010,56,0.6069958847736625
74165,56,0.6069958847736625
74200,56,0.6069958847736625
74212,56,0.6069958847736625
74254,56,0.6069958847736625
74305,56,0.6069958847736625
74319,56,0.6069958847736625
74352,56,0.6069958847736625
74366,56,0.6069958847736625
74399,56,0.6069958847736625
74419,56,0.6069958847736625
74439,56,0.6069958847736625
74459,56,0.6069958847736625
74471,56,0.6069958847736625
213762,56,2.8365384615384612
74571,56,0.6069958847736625
213856,56,0.6069958847736625
213854,56,0.6069958847736625
74655,56,0.6069958847736625
74693,56,0.6069958847736625
74749,56,0.6069958847736625
74806,56,0.6069958847736625
206231,56,0.6069958847736625
214445,56,0.6069958847736625
214477,56,0.6069958847736625
67138,56,2.8365384615384612
75431,56,0.6069958847736625
122466,56,0.6069958847736625
108338,56,2.8365384615384612
214865,56,0.6069958847736625
205535,56,2.8365384615384612
213679,56,0.6069958847736625
205548,56,0.6069958847736625
215042,56,0.6069958847736625
215044,56,2.8365384615384612
215045,56,0.6069958847736625
92172,56,0.6069958847736625
141335,56,0.6069958847736625
141372,56,0.6069958847736625
141379,56,2.8365384615384612
141405,56,0.6069958847736625
141417,56,0.6069958847736625
141422,56,0.6069958847736625
141428,56,0.6069958847736625
141434,56,0.6069958847736625
141439,56,0.6069958847736625
141440,56,0.6069958847736625
141478,56,0.6069958847736625
141490,56,0.6069958847736625
141508,56,0.6069958847736625
141513,56,0.6069958847736625
141515,56,0.6069958847736625
141523,56,0.6069958847736625
141553,56,0.6069958847736625
133373,56,0.6069958847736625
207176,56,2.8365384615384612
215361,56,2.8365384615384612
179587,56,0.6069958847736625
207309,56,0.6069958847736625
197438,56,0.6069958847736625
133968,56,0.6069958847736625
93083,56,0.6069958847736625
76874,56,0.6069958847736625
216198,56,2.8365384615384612
90201,56,0.6069958847736625
171619,56,2.8365384615384612
216313,56,0.6069958847736625
191945,56,0.6069958847736625
216544,56,0.6069958847736625
205863,56,0.6069958847736625
216545,56,0.6069958847736625
159238,56,0.6069958847736625
159237,56,0.6069958847736625
115746,56,0.6069958847736625
134812,56,0.6069958847736625
151208,56,0.6069958847736625
167614,56,0.6069958847736625
143084,56,0.6069958847736625
118594,56,0.6069958847736625
135054,56,0.6069958847736625
217036,56,0.6069958847736625
212504,56,0.6069958847736625
204366,56,0.6069958847736625
204385,56,0.6069958847736625
217330,56,0.6069958847736625
168175,56,0.6069958847736625
151965,56,0.6069958847736625
204483,56,0.6069958847736625
204490,56,0.6069958847736625
160511,56,0.6069958847736625
160528,56,0.6069958847736625
160532,56,0.6069958847736625
204499,56,0.6069958847736625
160534,56,2.8365384615384612
196358,56,0.6069958847736625
204500,56,0.6069958847736625
160542,56,0.6069958847736625
204502,56,0.6069958847736625
204505,56,0.6069958847736625
160570,56,0.6069958847736625
204509,56,2.8365384615384612
160587,56,0.6069958847736625
204510,56,0.6069958847736625
160589,56,2.8365384615384612
204513,56,0.6069958847736625
204514,56,0.6069958847736625
160619,56,0.6069958847736625
204516,56,0.6069958847736625
204519,56,0.6069958847736625
160639,56,2.8365384615384612
160641,56,2.8365384615384612
204521,56,0.6069958847736625
160645,56,0.6069958847736625
160651,56,0.6069958847736625
160655,56,0.6069958847736625
204523,56,0.6069958847736625
160653,56,0.6069958847736625
160667,56,0.6069958847736625
160669,56,0.6069958847736625
160672,56,0.6069958847736625
204527,56,0.6069958847736625
204530,56,0.6069958847736625
204529,56,2.8365384615384612
204532,56,0.6069958847736625
204538,56,0.6069958847736625
204537,56,0.6069958847736625
204542,56,0.6069958847736625
204543,56,0.6069958847736625
204544,56,0.6069958847736625
204546,56,2.8365384615384612
204545,56,2.8365384615384612
204548,56,0.6069958847736625
204547,56,0.6069958847736625
204551,56,0.6069958847736625
152610,56,0.6069958847736625
204552,56,0.6069958847736625
204554,56,0.6069958847736625
204556,56,0.6069958847736625
204555,56,0.6069958847736625
204561,56,0.6069958847736625
204562,56,0.6069958847736625
204564,56,0.6069958847736625
204565,56,2.8365384615384612
204569,56,0.6069958847736625
177282,56,0.6069958847736625
218245,56,0.6069958847736625
66179,56,2.8365384615384612
193726,56,0.6069958847736625
212749,56,0.6069958847736625
218741,56,0.6069958847736625
194260,56,0.6069958847736625
218879,56,0.6069958847736625
112437,56,0.6069958847736625
90842,56,0.6069958847736625
219568,56,0.6069958847736625
219592,56,0.6069958847736625
160536,56,0.6069958847736625
219599,56,0.6069958847736625
211498,56,0.6069958847736625
221147,56,2.8365384615384612
221149,56,0.6069958847736625
129618,56,2.8365384615384612
221157,56,0.6069958847736625
178825,56,0.6069958847736625
178830,56,0.6069958847736625
178831,56,0.6069958847736625
178833,56,0.6069958847736625
178836,56,0.6069958847736625
178839,56,2.8365384615384612
178842,56,0.6069958847736625
178844,56,0.6069958847736625
178853,56,0.6069958847736625
178862,56,2.8365384615384612
178863,56,0.6069958847736625
178861,56,0.6069958847736625
178868,56,0.6069958847736625
178874,56,0.6069958847736625
178879,56,0.6069958847736625
211649,56,0.6069958847736625
178888,56,0.6069958847736625
178889,56,0.6069958847736625
178901,56,2.8365384615384612
178912,56,0.6069958847736625
178916,56,0.6069958847736625
178920,56,0.6069958847736625
178921,56,0.6069958847736625
178923,56,0.6069958847736625
178922,56,0.6069958847736625
178924,56,0.6069958847736625
178928,56,2.8365384615384612
178930,56,0.6069958847736625
178935,56,0.6069958847736625
178939,56,2.8365384615384612
221183,56,0.6069958847736625
178948,56,0.6069958847736625
178953,56,0.6069958847736625
178952,56,0.6069958847736625
178956,56,2.8365384615384612
178951,56,0.6069958847736625
178959,56,0.6069958847736625
219920,56,0.6069958847736625
178961,56,2.8365384615384612
178969,56,0.6069958847736625
178977,56,0.6069958847736625
178981,56,0.6069958847736625
178982,56,0.6069958847736625
178984,56,0.6069958847736625
178990,56,0.6069958847736625
178994,56,2.8365384615384612
178996,56,0.6069958847736625
146307,56,0.6069958847736625
211866,56,0.6069958847736625
105534,56,0.6069958847736625
204011,56,0.6069958847736625
195866,56,0.6069958847736625
154919,56,0.6069958847736625
146788,56,0.6069958847736625
81297,56,2.8365384615384612
204352,56,0.6069958847736625
164359,56,0.6069958847736625
204353,56,2.8365384615384612
204354,56,2.8365384615384612
204357,56,2.8365384615384612
204359,56,0.6069958847736625
204363,56,0.6069958847736625
204370,56,0.6069958847736625
204371,56,0.6069958847736625
204373,56,0.6069958847736625
204377,56,2.8365384615384612
204375,56,2.8365384615384612
204380,56,2.8365384615384612
204381,56,0.6069958847736625
204376,56,0.6069958847736625
204382,56,0.6069958847736625
204383,56,0.6069958847736625
204384,56,0.6069958847736625
204386,56,0.6069958847736625
204389,56,0.6069958847736625
204392,56,0.6069958847736625
204397,56,0.6069958847736625
204400,56,2.8365384615384612
204393,56,0.6069958847736625
204399,56,0.6069958847736625
204405,56,2.8365384615384612
204413,56,0.6069958847736625
204414,56,0.6069958847736625
204415,56,0.6069958847736625
204420,56,0.6069958847736625
204421,56,2.8365384615384612
204418,56,0.6069958847736625
204428,56,2.8365384615384612
204429,56,0.6069958847736625
204432,56,2.8365384615384612
204430,56,2.8365384615384612
204434,56,2.8365384615384612
204439,56,0.6069958847736625
204435,56,0.6069958847736625
204438,56,0.6069958847736625
204440,56,0.6069958847736625
204442,56,0.6069958847736625
204437,56,0.6069958847736625
204447,56,2.8365384615384612
204446,56,0.6069958847736625
204451,56,0.6069958847736625
204452,56,0.6069958847736625
204454,56,0.6069958847736625
204458,56,2.8365384615384612
204461,56,0.6069958847736625
204463,56,0.6069958847736625
204466,56,2.8365384615384612
204469,56,0.6069958847736625
204467,56,2.8365384615384612
204468,56,2.8365384615384612
204465,56,0.6069958847736625
204471,56,2.8365384615384612
204475,56,0.6069958847736625
204477,56,0.6069958847736625
204478,56,0.6069958847736625
204484,56,0.6069958847736625
204487,56,0.6069958847736625
73424,56,0.6069958847736625
73434,56,0.6069958847736625
73460,56,0.6069958847736625
73463,56,0.6069958847736625
73466,56,0.6069958847736625
73482,56,0.6069958847736625
204575,56,0.6069958847736625
204576,56,0.6069958847736625
180018,56,0.6069958847736625
73586,56,0.6069958847736625
73674,56,0.6069958847736625
73696,56,2.8365384615384612
139285,57,2.7660550458715605
73768,57,0.6103238866396762
73778,57,0.6103238866396762
229432,57,0.6103238866396762
73788,57,0.6103238866396762
73801,57,0.6103238866396762
73806,57,2.7660550458715605
73808,57,0.6103238866396762
122974,57,0.6103238866396762
221328,57,0.6103238866396762
221329,57,0.6103238866396762
221339,57,0.6103238866396762
221338,57,2.7660550458715605
221378,57,2.7660550458715605
123086,57,0.6103238866396762
229585,57,2.7660550458715605
213274,57,0.6103238866396762
98615,57,0.6103238866396762
74043,57,0.6103238866396762
74044,57,0.6103238866396762
74041,57,0.6103238866396762
74052,57,0.6103238866396762
74057,57,2.7660550458715605
74060,57,0.6103238866396762
74075,57,2.7660550458715605
74079,57,0.6103238866396762
74084,57,0.6103238866396762
74090,57,0.6103238866396762
74095,57,0.6103238866396762
74141,57,0.6103238866396762
74156,57,0.6103238866396762
74158,57,0.6103238866396762
74160,57,0.6103238866396762
74161,57,0.6103238866396762
74159,57,0.6103238866396762
74171,57,0.6103238866396762
115200,57,0.6103238866396762
164360,57,2.7660550458715605
74253,57,0.6103238866396762
74262,57,0.6103238866396762
74270,57,0.6103238866396762
156190,57,0.6103238866396762
74273,57,0.6103238866396762
74283,57,0.6103238866396762
229939,57,0.6103238866396762
74299,57,0.6103238866396762
74317,57,0.6103238866396762
74356,57,0.6103238866396762
74371,57,0.6103238866396762
74374,57,0.6103238866396762
74376,57,0.6103238866396762
74383,57,0.6103238866396762
74398,57,2.7660550458715605
74400,57,0.6103238866396762
205476,57,0.6103238866396762
74428,57,0.6103238866396762
198783,57,0.6103238866396762
74454,57,0.6103238866396762
74467,57,0.6103238866396762
74478,57,0.6103238866396762
205550,57,0.6103238866396762
107283,57,2.7660550458715605
74537,57,0.6103238866396762
74550,57,0.6103238866396762
74554,57,0.6103238866396762
74574,57,0.6103238866396762
74585,57,0.6103238866396762
123756,57,2.7660550458715605
74646,57,0.6103238866396762
74696,57,0.6103238866396762
74784,57,2.7660550458715605
74848,57,2.7660550458715605
91228,57,0.6103238866396762
74858,57,0.6103238866396762
74856,57,2.7660550458715605
206018,57,2.7660550458715605
222429,57,0.6103238866396762
66828,57,0.6103238866396762
132504,57,0.6103238866396762
157130,57,0.6103238866396762
107970,57,2.7660550458715605
198197,57,2.7660550458715605
165470,57,0.6103238866396762
223398,57,0.6103238866396762
214694,57,0.6103238866396762
116379,57,0.6103238866396762
98057,57,0.6103238866396762
182146,57,0.6103238866396762
223128,57,0.6103238866396762
92102,57,0.6103238866396762
215043,57,0.6103238866396762
141391,57,0.6103238866396762
141398,57,0.6103238866396762
141401,57,0.6103238866396762
141408,57,0.6103238866396762
141411,57,0.6103238866396762
141421,57,0.6103238866396762
141427,57,0.6103238866396762
141431,57,0.6103238866396762
141450,57,0.6103238866396762
141458,57,0.6103238866396762
141456,57,0.6103238866396762
141459,57,0.6103238866396762
141464,57,0.6103238866396762
141470,57,0.6103238866396762
141480,57,0.6103238866396762
141485,57,0.6103238866396762
141488,57,0.6103238866396762
141487,57,0.6103238866396762
141516,57,0.6103238866396762
141518,57,0.6103238866396762
141531,57,0.6103238866396762
141552,57,0.6103238866396762
141555,57,0.6103238866396762
133439,57,0.6103238866396762
100689,57,0.6103238866396762
163321,57,0.6103238866396762
166402,57,2.7660550458715605
92699,57,0.6103238866396762
92776,57,0.6103238866396762
133810,57,0.6103238866396762
224117,57,0.6103238866396762
109429,57,0.6103238866396762
150418,57,0.6103238866396762
224333,57,0.6103238866396762
68720,57,0.6103238866396762
191923,57,0.6103238866396762
222142,57,0.6103238866396762
205865,57,0.6103238866396762
220592,57,0.6103238866396762
220606,57,0.6103238866396762
220618,57,0.6103238866396762
171786,57,0.6103238866396762
225386,57,0.6103238866396762
220660,57,0.6103238866396762
69871,57,0.6103238866396762
209189,57,0.6103238866396762
217480,57,0.6103238866396762
143632,57,0.6103238866396762
160161,57,0.6103238866396762
225727,57,2.7660550458715605
225730,57,2.7660550458715605
143942,57,0.6103238866396762
204492,57,0.6103238866396762
160508,57,0.6103238866396762
204494,57,0.6103238866396762
160510,57,0.6103238866396762
160512,57,0.6103238866396762
160517,57,0.6103238866396762
160518,57,0.6103238866396762
204497,57,0.6103238866396762
160527,57,0.6103238866396762
204498,57,0.6103238866396762
160531,57,0.6103238866396762
160535,57,0.6103238866396762
160538,57,0.6103238866396762
160541,57,0.6103238866396762
226075,57,2.7660550458715605
160545,57,0.6103238866396762
160548,57,0.6103238866396762
160552,57,0.6103238866396762
160553,57,0.6103238866396762
160556,57,0.6103238866396762
160558,57,0.6103238866396762
160559,57,0.6103238866396762
160561,57,0.6103238866396762
204506,57,0.6103238866396762
160569,57,0.6103238866396762
204508,57,0.6103238866396762
160575,57,2.7660550458715605
160588,57,0.6103238866396762
160591,57,0.6103238866396762
160592,57,0.6103238866396762
160598,57,2.7660550458715605
160600,57,0.6103238866396762
160599,57,0.6103238866396762
160601,57,0.6103238866396762
160604,57,0.6103238866396762
160610,57,0.6103238866396762
160621,57,0.6103238866396762
204517,57,0.6103238866396762
160629,57,0.6103238866396762
160632,57,0.6103238866396762
160635,57,0.6103238866396762
209787,57,0.6103238866396762
160640,57,0.6103238866396762
226179,57,2.7660550458715605
160642,57,0.6103238866396762
204522,57,0.6103238866396762
204524,57,0.6103238866396762
160665,57,0.6103238866396762
160666,57,0.6103238866396762
204525,57,2.7660550458715605
204526,57,0.6103238866396762
160674,57,0.6103238866396762
160673,57,0.6103238866396762
204531,57,0.6103238866396762
204533,57,0.6103238866396762
204534,57,2.7660550458715605
204535,57,2.7660550458715605
204536,57,0.6103238866396762
204539,57,0.6103238866396762
204540,57,2.7660550458715605
218086,57,2.7660550458715605
160758,57,0.6103238866396762
152605,57,0.6103238866396762
204550,57,0.6103238866396762
204553,57,0.6103238866396762
204558,57,0.6103238866396762
204557,57,0.6103238866396762
204559,57,0.6103238866396762
226410,57,0.6103238866396762
204567,57,0.6103238866396762
160976,57,0.6103238866396762
226553,57,2.7660550458715605
103758,57,0.6103238866396762
226708,57,0.6103238866396762
62881,57,0.6103238866396762
226837,57,0.6103238866396762
229082,57,2.7660550458715605
136811,57,0.6103238866396762
161440,57,0.6103238866396762
229112,57,0.6103238866396762
92346,57,0.6103238866396762
128760,57,0.6103238866396762
161550,57,0.6103238866396762
153423,57,2.7660550458715605
137070,57,0.6103238866396762
227275,57,2.7660550458715605
227310,57,0.6103238866396762
227323,57,0.6103238866396762
227324,57,0.6103238866396762
210989,57,0.6103238866396762
227370,57,0.6103238866396762
104552,57,2.7660550458715605
227401,57,0.6103238866396762
227433,57,0.6103238866396762
66385,57,0.6103238866396762
88256,57,0.6103238866396762
229225,57,2.7660550458715605
162067,57,0.6103238866396762
227660,57,0.6103238866396762
219585,57,0.6103238866396762
162332,57,0.6103238866396762
227800,57,0.6103238866396762
154178,57,0.6103238866396762
178832,57,2.7660550458715605
178829,57,0.6103238866396762
178835,57,0.6103238866396762
227991,57,0.6103238866396762
178843,57,0.6103238866396762
178854,57,0.6103238866396762
178857,57,0.6103238866396762
178860,57,0.6103238866396762
178858,57,0.6103238866396762
178866,57,2.7660550458715605
178873,57,0.6103238866396762
178871,57,0.6103238866396762
178876,57,0.6103238866396762
178881,57,0.6103238866396762
178882,57,0.6103238866396762
178884,57,0.6103238866396762
178886,57,0.6103238866396762
178887,57,0.6103238866396762
228042,57,0.6103238866396762
178895,57,0.6103238866396762
178896,57,0.6103238866396762
178905,57,0.6103238866396762
178908,57,0.6103238866396762
178909,57,0.6103238866396762
178910,57,0.6103238866396762
178925,57,2.7660550458715605
178927,57,0.6103238866396762
178929,57,0.6103238866396762
178931,57,0.6103238866396762
178933,57,0.6103238866396762
178934,57,0.6103238866396762
72442,57,0.6103238866396762
178937,57,0.6103238866396762
178943,57,0.6103238866396762
178945,57,2.7660550458715605
178946,57,2.7660550458715605
178947,57,0.6103238866396762
178954,57,0.6103238866396762
178962,57,0.6103238866396762
178963,57,0.6103238866396762
178964,57,0.6103238866396762
178966,57,2.7660550458715605
178970,57,0.6103238866396762
178972,57,0.6103238866396762
178975,57,0.6103238866396762
178983,57,0.6103238866396762
229333,57,2.7660550458715605
178985,57,0.6103238866396762
178986,57,0.6103238866396762
178987,57,0.6103238866396762
178989,57,2.7660550458715605
178993,57,0.6103238866396762
178992,57,0.6103238866396762
178997,57,0.6103238866396762
179000,57,0.6103238866396762
179001,57,0.6103238866396762
220008,57,2.7660550458715605
80815,57,0.6103238866396762
228272,57,0.6103238866396762
138286,57,0.6103238866396762
121948,57,0.6103238866396762
171139,57,2.7660550458715605
81055,57,0.6103238866396762
228616,57,0.6103238866396762
122158,57,0.6103238866396762
122195,57,0.6103238866396762
220526,57,0.6103238866396762
220527,57,2.7660550458715605
220528,57,0.6103238866396762
220530,57,0.6103238866396762
220531,57,0.6103238866396762
220529,57,0.6103238866396762
220534,57,0.6103238866396762
220532,57,0.6103238866396762
220533,57,0.6103238866396762
220537,57,2.7660550458715605
220538,57,0.6103238866396762
220536,57,0.6103238866396762
220539,57,0.6103238866396762
220542,57,0.6103238866396762
220543,57,0.6103238866396762
220540,57,0.6103238866396762
220544,57,0.6103238866396762
220546,57,0.6103238866396762
220545,57,0.6103238866396762
220548,57,2.7660550458715605
220547,57,0.6103238866396762
220550,57,0.6103238866396762
220552,57,0.6103238866396762
220549,57,2.7660550458715605
220553,57,2.7660550458715605
220551,57,2.7660550458715605
220554,57,0.6103238866396762
220556,57,2.7660550458715605
220555,57,2.7660550458715605
220557,57,2.7660550458715605
220558,57,0.6103238866396762
220561,57,2.7660550458715605
220559,57,2.7660550458715605
220563,57,0.6103238866396762
220560,57,0.6103238866396762
220564,57,2.7660550458715605
220566,57,2.7660550458715605
220565,57,2.7660550458715605
220567,57,0.6103238866396762
220568,57,0.6103238866396762
220570,57,0.6103238866396762
220571,57,0.6103238866396762
220569,57,2.7660550458715605
220572,57,2.7660550458715605
220574,57,0.6103238866396762
220573,57,0.6103238866396762
220575,57,2.7660550458715605
220576,57,0.6103238866396762
220577,57,0.6103238866396762
220578,57,0.6103238866396762
220579,57,2.7660550458715605
220580,57,2.7660550458715605
220583,57,0.6103238866396762
220581,57,0.6103238866396762
220584,57,0.6103238866396762
220585,57,0.6103238866396762
220582,57,0.6103238866396762
220586,57,0.6103238866396762
220587,57,0.6103238866396762
220590,57,0.6103238866396762
220589,57,0.6103238866396762
220594,57,0.6103238866396762
220591,57,2.7660550458715605
220593,57,0.6103238866396762
220588,57,0.6103238866396762
220595,57,2.7660550458715605
220597,57,0.6103238866396762
220596,57,2.7660550458715605
220598,57,0.6103238866396762
220599,57,0.6103238866396762
220600,57,0.6103238866396762
220602,57,0.6103238866396762
220601,57,0.6103238866396762
220603,57,2.7660550458715605
220604,57,0.6103238866396762
220605,57,0.6103238866396762
220607,57,0.6103238866396762
228797,57,0.6103238866396762
220610,57,0.6103238866396762
220608,57,2.7660550458715605
220611,57,0.6103238866396762
220609,57,0.6103238866396762
220612,57,0.6103238866396762
220614,57,0.6103238866396762
220616,57,0.6103238866396762
220615,57,0.6103238866396762
220617,57,0.6103238866396762
220619,57,0.6103238866396762
220613,57,0.6103238866396762
220620,57,2.7660550458715605
220621,57,0.6103238866396762
220623,57,2.7660550458715605
220622,57,2.7660550458715605
220624,57,0.6103238866396762
220626,57,0.6103238866396762
220625,57,2.7660550458715605
220627,57,0.6103238866396762
220629,57,2.7660550458715605
220628,57,0.6103238866396762
220630,57,0.6103238866396762
220631,57,0.6103238866396762
220633,57,0.6103238866396762
220634,57,0.6103238866396762
220632,57,2.7660550458715605
220636,57,0.6103238866396762
220635,57,0.6103238866396762
220637,57,2.7660550458715605
220638,57,0.6103238866396762
220640,57,2.7660550458715605
220639,57,0.6103238866396762
220641,57,0.6103238866396762
220644,57,2.7660550458715605
220643,57,2.7660550458715605
220642,57,0.6103238866396762
220645,57,2.7660550458715605
220646,57,0.6103238866396762
228837,57,2.7660550458715605
220649,57,0.6103238866396762
220648,57,0.6103238866396762
220647,57,0.6103238866396762
220650,57,0.6103238866396762
220652,57,0.6103238866396762
220654,57,0.6103238866396762
220653,57,0.6103238866396762
220655,57,0.6103238866396762
220656,57,2.7660550458715605
220657,57,0.6103238866396762
220651,57,2.7660550458715605
220659,57,2.7660550458715605
220658,57,0.6103238866396762
220661,57,0.6103238866396762
220662,57,0.6103238866396762
220665,57,2.7660550458715605
220666,57,0.6103238866396762
220663,57,0.6103238866396762
220664,57,0.6103238866396762
220667,57,0.6103238866396762
220668,57,2.7660550458715605
220670,57,2.7660550458715605
220669,57,0.6103238866396762
220671,57,2.7660550458715605
220672,57,0.6103238866396762
220673,57,0.6103238866396762
220676,57,2.7660550458715605
220674,57,2.7660550458715605
220675,57,0.6103238866396762
220677,57,0.6103238866396762
220681,57,0.6103238866396762
220682,57,0.6103238866396762
220683,57,0.6103238866396762
220684,57,0.6103238866396762
220686,57,0.6103238866396762
220688,57,0.6103238866396762
220687,57,0.6103238866396762
220685,57,0.6103238866396762
220689,57,2.7660550458715605
220690,57,0.6103238866396762
220692,57,0.6103238866396762
220691,57,0.6103238866396762
220694,57,0.6103238866396762
220693,57,2.7660550458715605
220696,57,2.7660550458715605
220695,57,2.7660550458715605
220698,57,0.6103238866396762
220697,57,0.6103238866396762
220702,57,0.6103238866396762
220700,57,0.6103238866396762
220699,57,0.6103238866396762
220701,57,0.6103238866396762
220704,57,2.7660550458715605
220705,57,0.6103238866396762
220707,57,2.7660550458715605
220706,57,0.6103238866396762
220703,57,0.6103238866396762
220708,57,0.6103238866396762
220712,57,0.6103238866396762
220713,57,0.6103238866396762
220714,57,0.6103238866396762
220715,57,0.6103238866396762
204351,57,0.6103238866396762
204355,57,0.6103238866396762
204356,57,0.6103238866396762
204360,57,2.7660550458715605
204358,57,0.6103238866396762
204362,57,0.6103238866396762
204361,57,0.6103238866396762
204364,57,0.6103238866396762
228941,57,0.6103238866396762
204365,57,0.6103238866396762
204367,57,0.6103238866396762
204368,57,0.6103238866396762
204372,57,0.6103238866396762
204369,57,2.7660550458715605
204374,57,2.7660550458715605
204379,57,0.6103238866396762
204378,57,0.6103238866396762
204388,57,0.6103238866396762
204387,57,0.6103238866396762
171617,57,0.6103238866396762
171623,57,0.6103238866396762
204390,57,0.6103238866396762
204391,57,0.6103238866396762
204394,57,0.6103238866396762
204395,57,0.6103238866396762
204398,57,0.6103238866396762
204396,57,0.6103238866396762
204403,57,0.6103238866396762
204404,57,0.6103238866396762
204408,57,0.6103238866396762
204407,57,2.7660550458715605
204409,57,0.6103238866396762
204406,57,0.6103238866396762
204410,57,2.7660550458715605
204411,57,0.6103238866396762
204412,57,0.6103238866396762
204416,57,0.6103238866396762
204419,57,0.6103238866396762
204425,57,0.6103238866396762
204423,57,0.6103238866396762
204427,57,0.6103238866396762
204426,57,0.6103238866396762
204422,57,0.6103238866396762
204431,57,0.6103238866396762
212625,57,0.6103238866396762
204433,57,0.6103238866396762
204436,57,0.6103238866396762
204441,57,0.6103238866396762
204444,57,0.6103238866396762
204445,57,0.6103238866396762
204448,57,0.6103238866396762
204449,57,0.6103238866396762
204450,57,0.6103238866396762
204453,57,2.7660550458715605
204457,57,0.6103238866396762
204455,57,0.6103238866396762
204456,57,0.6103238866396762
204462,57,2.7660550458715605
204459,57,2.7660550458715605
204460,57,0.6103238866396762
204464,57,2.7660550458715605
204472,57,0.6103238866396762
204473,57,0.6103238866396762
204474,57,0.6103238866396762
204480,57,0.6103238866396762
204476,57,0.6103238866396762
204481,57,0.6103238866396762
204479,57,0.6103238866396762
188097,57,0.6103238866396762
204482,57,0.6103238866396762
204485,57,0.6103238866396762
204486,57,0.6103238866396762
204488,57,0.6103238866396762
204489,57,0.6103238866396762
204491,57,0.6103238866396762
229069,57,0.6103238866396762
204496,57,0.6103238866396762
204495,57,0.6103238866396762
204501,57,0.6103238866396762
73433,57,0.6103238866396762
204503,57,0.6103238866396762
204507,57,2.7660550458715605
204511,57,0.6103238866396762
204504,57,0.6103238866396762
73441,57,0.6103238866396762
204515,57,0.6103238866396762
204512,57,0.6103238866396762
204518,57,0.6103238866396762
204520,57,0.6103238866396762
204528,57,2.7660550458715605
229106,57,2.7660550458715605
204541,57,0.6103238866396762
204549,57,0.6103238866396762
73486,57,0.6103238866396762
204560,57,0.6103238866396762
204571,57,0.6103238866396762
204563,57,0.6103238866396762
204572,57,0.6103238866396762
204566,57,0.6103238866396762
204574,57,0.6103238866396762
204573,57,0.6103238866396762
204570,57,0.6103238866396762
73531,57,0.6103238866396762
98148,57,0.6103238866396762
73579,57,0.6103238866396762
73604,57,0.6103238866396762
229259,57,0.6103238866396762
89536,57,0.6103238866396762
73692,57,0.6103238866396762
221148,57,0.6103238866396762
73701,57,2.7660550458715605
180214,57,0.6103238866396762
